0000                             ; **********************************************************************
0000                             ; *                                                                    *
0000                             ; *            ZIP80 - TEC-1G VERSION                                  *
0000                             ; *            Z-CODE INTERPRETER PROGRAM                              *
0000                             ; *            FOR ZILOG Z80 MICROPROCESSOR                            *
0000                             ; *            COPYRIGHT 1984, INFOCOM, INC.                           *
0000                             ; *            PORTED TO TEC-1G 2026, 0BRIAN CHIHA                      *
0000                             ; *                                                                    *
0000                             ; **********************************************************************
0000                             ; 
0000                             ; 
0000                             ; *************************************
0000                             ; *              EQUATES              *
0000                             ; *************************************
0000                             ; 
0000                             ;--------------------------------------
0000                             ;	SOME COMMON DEFINITIONS
0000                             ;--------------------------------------
0000                             ; 
0000                FALSE:    EQU   00H   ;STANDARD FALSE VALUE
0000                TRUE:     EQU   0FFH   ;STANDARD TRUE VALUE
0000                             ; 
0000                             ;MISC. EQUATES
0000                CPLMAX:   EQU   133   ;MAXIMUM CHARACTERS PER LINE
0000                             ; 
0000                             ;--------------------------------------
0000                             ;	APPLICATION EQUATES
0000                             ;--------------------------------------
0000                             ; 
0000                MAXPGS:   EQU   64   ;MUST BE 64 FOR TRSN VERSIONS
0000                ROOMG:    EQU   16   ;ROOM # (USED TO DISPLAY SHORT DESCRIPTION)
0000                SCOREG:   EQU   17   ;SCORE
0000                MOVESG:   EQU   18   ;NUMBER OF MOVES
0000                ZSTAKL:   EQU   224   ;LENGTH OF THE ZSTACK IN WORDS
0000                             ; 
0000                             ;ZCODE HEADER OFFSETS INIT VALUES
0000                ZVERS:    EQU   0   ;VERSION BYTE
0000                ZSWAP:    EQU   1   ;BIT FLAGS - SEE BELOW
0000                ZID:      EQU   2   ;GAME ID WORD
0000                ZENDLD:   EQU   4   ;START OF NON-PRELOADED ZCODE
0000                ZSTART:   EQU   6   ;ZCODE EXECUTION ADDRESS
0000                ZVOCAB:   EQU   8   ;START OF VOCABULARY TABLE
0000                ZOBJEC:   EQU   10   ;START OF OBJECT TABLE
0000                ZGLOBA:   EQU   12   ;START OF GLOBAL VARIABLE TABLE
0000                ZPURBT:   EQU   14   ;START OF "PURE" ZCODE
0000                ZSCRIP:   EQU   16   ;WORD FLAG FOR CONTROLLING SCRIPT FEATURE
0000                ZSERNM:   EQU   18   ;18 THROUGH 23 ARE ASCII SERIAL NUMBER, UNIQUE TO EACH COPY
0000                ZFWORD:   EQU   24   ;TABLE OF COMMON WORDS
0000                ZCKLEN:   EQU   26   ;LENGTH TO USE FOR CHECKSUM
0000                ZCKSUM:   EQU   28   ;SUM OF ALL WORDS AFTER WORD 64
0000                             ; 
0000                             ;BIT FLAGS IN ZSWAP
0000                ZSWAPF:   EQU   1   ;NOT USED
0000                ZTIMEF:   EQU   2   ;IF SET, 0DISPLAY TIME IN STATUS LINE
0000                ZSPLIT:   EQU   4   ;SET BY MAKDAT TO INDICATE SPLIT FILE
0000                ZTANDY:   EQU   8   ;SET BY INTERPRETER TO DESIGNATE TANDY MACHINE
0000                ZSTATB:   EQU   10H   ;SET BY CPM CONSOLE PROGRAM, 1 IMPLIES NO STATUS LINE
0000                             ;END OF COMMON EQUATES
0000                             ; 
0000                LPDL:     EQU   400   ;200 LEVELS OF PUSH AND POP
0000                             ; 
0000                             ;MON3 EQUATES
0000                API_DSKOPN:   EQU   59   ;OPEN A FILE
0000                API_DSKRDB:   EQU   60   ;READ A BLOCK FROM A FILE
0000                API_SEREBL:   EQU   20   ;ENABLE SERIAL TRANSMISSION
0000                API_TXBYTE:   EQU   22   ;WRITE A BYTE TO A TERMINAL DEVICE
0000                API_RXBYTE:   EQU   23   ;READ A BYTE FROM A TERMINAL DEVICE
0000                API_MATSCN:   EQU   18   ;SCAN MATRIX KEYBOARD
0000                API_MATPAR:   EQU   54   ;PARSE MATRIX SCAN RESULT
0000                API_MENUDR:   EQU   31   ;DRAW A MENU
0000                API_MENUPP:   EQU   47   ;POP A MENU
0000                API_INITGL:   EQU   23   ;INITIALIZE GLCD AT TERMINAL STARTUP
0000                API_SENDCH:   EQU   24   ;SEND A CHARACTER TO GLCD
0000                API_AUTOLF:   EQU   31   ;TOGGLE AUTOMATIC LINE FEED ON GLCD
0000                API_PLOTAW:   EQU   33   ;PLOT ALWAYS TO THE GLCD
0000                API_PLOTSC:   EQU   12   ;PLOT TO GLCD
0000                MENUID:   EQU   0897H   ;MENU SELECTION ID
0000                TOPRAM:   EQU   8000H   ;TOP OF AVAILABLE RAM (USED FOR GAME DATA BUFFER)
0000                TOPEXP:   EQU   0BFFFH   ;TOP OF EXPANDED MEMORY (USED FOR ZCODE)
0000                             ; 
0000                             ; 
0000                             ; *************************************
0000                             ; *                                   *
0000                             ; *           PROGRAM START           *
0000                             ; *                                   *
0000                             ; *************************************
0000                             ; 
2000                          .ORG   2000h   
2000                START:       
2000   C3 D3 21               JP   CPMSTR   ;JUMP AROUND CONFIGURATION DATA
2003                MENUIO:      
2003   02                     DB   2   ; Two entries
2004   46 52 4F 54 5A 20      DB   "FROTZ "   ; LCD Text
200A   49 6E 70 75 74 2F 4F 75 74 70 75 74 20 53 65 6C 65 63 74 00 DB   "Input/Output Select",0   ; Title
201E   4D 61 74 72 69 78 20 4B 42 20 61 6E 64 20 47 4C 43 44 00 DB   "Matrix KB and GLCD",0   
2031   E3 2B                  DW   SETINP   
2033   53 65 72 69 61 6C 20 54 65 72 6D 69 6E 61 6C 00 DB   "Serial Terminal",0   
2043   E3 2B                  DW   SETINP   
2045                MENUGAME:      
2045   0E                     DB   14   ; Thirteen entries
2046   46 52 4F 54 5A 20      DB   "FROTZ "   ; LCD Text
204C   53 65 6C 65 63 74 20 47 61 6D 65 00 DB   "Select Game",0   ; Title
2058   5A 6F 72 6B 20 31 00   DB   "Zork 1",0   
205F   F2 2B                  DW   SETGAME   
2061   5A 6F 72 6B 20 32 00   DB   "Zork 2",0   
2068   F2 2B                  DW   SETGAME   
206A   5A 6F 72 6B 20 33 00   DB   "Zork 3",0   
2071   F2 2B                  DW   SETGAME   
2073   45 6E 63 68 61 6E 74 65 72 00 DB   "Enchanter",0   
207D   F2 2B                  DW   SETGAME   
207F   53 6F 72 63 65 72 65 72 00 DB   "Sorcerer",0   
2088   F2 2B                  DW   SETGAME   
208A   53 70 65 6C 6C 62 72 65 61 6B 65 72 00 DB   "Spellbreaker",0   
2097   F2 2B                  DW   SETGAME   
2099   50 6C 61 6E 65 74 66 61 6C 6C 00 DB   "Planetfall",0   
20A4   F2 2B                  DW   SETGAME   
20A6   53 74 61 74 69 6F 6E 66 61 6C 6C 00 DB   "Stationfall",0   
20B2   F2 2B                  DW   SETGAME   
20B4   44 65 61 64 6C 69 6E 65 00 DB   "Deadline",0   
20BD   F2 2B                  DW   SETGAME   
20BF   48 69 74 63 68 68 69 6B 65 72 73 20 47 75 69 64 65 00 DB   "Hitchhikers Guide",0   
20D1   F2 2B                  DW   SETGAME   
20D3   48 6F 6C 6C 79 77 6F 6F 64 20 48 69 6A 69 6E 78 00 DB   "Hollywood Hijinx",0   
20E4   F2 2B                  DW   SETGAME   
20E6   49 6E 66 69 64 65 6C 00 DB   "Infidel",0   
20EE   F2 2B                  DW   SETGAME   
20F0   4C 65 61 74 68 65 72 20 47 6F 64 64 65 73 73 00 DB   "Leather Goddess",0   
2100   F2 2B                  DW   SETGAME   
2102   53 75 73 70 65 6E 64 65 64 00 DB   "Suspended",0   
210C   F2 2B                  DW   SETGAME   
210E                             ; 
210E                             ; *************************************
210E                             ; *        CONFIGURATION DATA         *
210E                             ; *************************************
210E                             ; 
210E   4F           CPMCPL:   DB   79   ;CHARACTERS PER LINE
210F   17           CPMLPP:   DB   23   ;LINES PER PAGE EXCLUDING STATUS LINE
2110                             ; 
2110   01           CPMCLF:   DB   1   ;1 FOR LF AFTER CR ON CONSOLE
2111   00           CPMLLF:   DB   0   ;1 FOR LF AFTER CR ON LIST (NOT USED)
2112   80           CPMINV:   DB   80H   ;NUMBER ADDED TO CHARACTERS FOR INVERSE VIDEO
2113                             ;THE FOLLOWING STRINGS HAVE A COUNT FIELD FOLLOWED BY UP TO 32 CHARACTERS
2113   00           ITRMST:   DB   0   ;INIT TERMINAL
2114                             ;    DS 33-($-ITRMST)
2114   00           RTRMST:   DB   0   ;RESET TERMINAL
2115                             ;    DS 33-($-RTRMST)
2115   00           BSTLIN:   DB   0   ;BEGIN STATUS LINE STRING (NO STATUS LINE)
2116                             ;    DS 33-($-BSTLIN)
2116   00           ESTLIN:   DB   0   ;END STATUS LINE STRING (NO STATUS LINE)
2117                             ;    DS 33-($-ESTLIN)
2117   00           PSTUPS:   DB   0   ;PRINTER SETUP STRING
2118                             ;    DS 33-($-PSTUPS)
2118   00           TWODSK:   DB   0   ;SET TO 1 IF TWO DISKS ARE AVAILABLE
2119                             ; 
2119                             ; TEC-1G: game data filename.  Must match Menu position!
2119   54 45 43 41 44 56 30 31 2E 44 41 54 00 GAMES:   DB   "TECADV01.DAT",0   ;Zork 1
2126   54 45 43 41 44 56 30 32 2E 44 41 54 00 DB   "TECADV02.DAT",0   ;Zork 2
2133   54 45 43 41 44 56 30 33 2E 44 41 54 00 DB   "TECADV03.DAT",0   ;Zork 3
2140   54 45 43 41 44 56 30 36 2E 44 41 54 00 DB   "TECADV06.DAT",0   ;Enchanter
214D   54 45 43 41 44 56 31 34 2E 44 41 54 00 DB   "TECADV14.DAT",0   ;Sorcerer
215A   54 45 43 41 44 56 30 34 2E 44 41 54 00 DB   "TECADV04.DAT",0   ;Spellbreaker
2167   54 45 43 41 44 56 31 31 2E 44 41 54 00 DB   "TECADV11.DAT",0   ;Planetfall
2174   54 45 43 41 44 56 31 32 2E 44 41 54 00 DB   "TECADV12.DAT",0   ;Stationfall
2181   54 45 43 41 44 56 30 35 2E 44 41 54 00 DB   "TECADV05.DAT",0   ;Deadline
218E   54 45 43 41 44 56 30 37 2E 44 41 54 00 DB   "TECADV07.DAT",0   ;HitchHikers
219B   54 45 43 41 44 56 30 38 2E 44 41 54 00 DB   "TECADV08.DAT",0   ;Hijinx
21A8   54 45 43 41 44 56 30 39 2E 44 41 54 00 DB   "TECADV09.DAT",0   ;Infidel
21B5   54 45 43 41 44 56 31 30 2E 44 41 54 00 DB   "TECADV10.DAT",0   ;Leather
21C2   54 45 43 41 44 56 31 33 2E 44 41 54 00 DB   "TECADV13.DAT",0   ;Suspended
21CF                             ; 
21CF                             ; TEC-1G: RAM top memory location address
21CF   00 00        ZORKMT:   DW   0   
21D1   00           ZORKIO:   DB   0   ;Input select flag (1=SERIAL, 0=MATRIX/GLCD)
21D2   00           ZORKGM:   DB   0   ;Game Number
21D3                             ; 
21D3                             ; *************************************
21D3                             ; *           TEC-1G START            *
21D3                             ; *************************************
21D3                             ; 
21D3                CPMSTR:      
21D3   31 26 29               LD   SP,PDL+LPDL   ;INIT MACHINE STACK
21D6   C3 C5 2B               JP   BODY   ;JUMP AROUND SUBROUTINE SECTION
21D9                             ; 
21D9                             ; *************************************
21D9                             ; *            SUBROUTINES            *
21D9                             ; *************************************
21D9                             ; 
21D9   C3 53 26     ZER:      JP   RESTAR   
21DC                             ; 
21DC                             ; ------------------------------------------------------------
21DC                             ; MEMTOP - return top of available memory in HL
21DC                             ; Checks if Expansion RAM is installed, then applies
21DC                             ; alignment logic from original (ensures ZCODE page boundary)
21DC                             ; ------------------------------------------------------------
21DC   2A CF 21     GETTOP:   LD   HL,(ZORKMT)   ;Load top of memory from variable set by MON3
21DF   C3 F1 21               JP   MT1   
21E2   21 00 80     MEMTOP:   LD   HL,TOPRAM   
21E5   36 55                  LD   (HL),55H   ;CHECK IF EXPANSION RAM IS INSTALLED
21E7   7E                     LD   A,(HL)   
21E8   FE 55                  CP   55H   
21EA   2B                     DEC   HL   
21EB   C2 F1 21               JP   NZ,MT1   
21EE   21 FF BF               LD   HL,TOPEXP   
21F1                MT1:         
21F1   22 CF 21               LD   (ZORKMT),HL   ;SAVE TOP OF MEMORY IN VARIABLE
21F4   3A 5B 3D               LD   A,(ZCODEP+1)   ;GET MSB OF LOW MEM STARTING POINTER
21F7   AC                     XOR   H   ; 
21F8   E6 01                  AND   1   ; 
21FA   C0                     RET   NZ   ; 
21FB   25                     DEC   H   ;WASTE 256 MORE IF NECESSARY
21FC   C9                     RET      
21FD                             ; 
21FD                             ; ------------------------------------------------------------
21FD                             ; CHROUT - output character in A to Serial Terminal or GLCD
21FD                             ; Input: A = character to output
21FD                             ; -------------------------------------------------------------
21FD   4F           CHROUT:   LD   C,A   ;Save input
21FE   3A D1 21               LD   A,(ZORKIO)   ;Check input select flag (1=SERIAL, 0=MATRIX/GLCD)
2201   B7                     OR   A   
2202   CA 0A 22               JP   Z,CHROUTMATR   ;If 0, print to MATRIX/GLCD
2205   79                     LD   A,C   ;GET CHARACTER TO PRINT
2206   0E 16                  LD   C,API_TXBYTE   
2208   D7                     RST   10H   ;CALL MON3 API
2209   C9                     RET      
220A                CHROUTMATR:      
220A   3E 18                  LD   A,API_SENDCH   
220C   DF                     RST   18H   ;CALL MON3 API
220D   C9                     RET      
220E                             ; ------------------------------------------------------------
220E                             ; PCSTR - print counted string (count in first byte)
220E                             ; Uses Mon3 txByte API to print characters one at a time
220E                             ; ------------------------------------------------------------
220E   7E           PCSTR:    LD   A,(HL)   ;PRINT STRING, GET COUNT
220F   23           PCSTRL:   INC   HL   ;POINT TO NEXT CHARACTER
2210   B7                     OR   A   
2211   C8                     RET   Z   ;DONE
2212   F5                     PUSH   AF   
2213   C5                     PUSH   BC   
2214   D5                     PUSH   DE   
2215   E5                     PUSH   HL   
2216   7E                     LD   A,(HL)   ;GET CHARACTER TO PRINT
2217   CD FD 21               CALL   CHROUT   ;PRINT CHARACTER IN A
221A   E1                     POP   HL   
221B   D1                     POP   DE   
221C   C1                     POP   BC   
221D   F1                     POP   AF   
221E   3D                     DEC   A   
221F   C3 0F 22               JP   PCSTRL   
2222                             ; PCPST - printer setup string (stubbed, no printer on TEC-1G)
2222   C9           PCPST:    RET      
2223                             ; SETFIL - not needed on TEC-1G (single file)
2223   C9           SETFIL:   RET      
2224                             ; ------------------------------------------------------------
2224                             ; GETDSK - read a 512-byte page from the game data file
2224                             ; TEC-1G version: Byte Block = Page x 512, then disk read into buffer
2224                             ; Input:  A = page number, HL = destination buffer
2224                             ; Output: data read into (HL), 0DBUFP advanced by 512
2224                             ; ------------------------------------------------------------
2224   22 0A 27     GETDSK:   LD   (DBUFP),HL   
2227                             ; Calculate byte offset = page number x 512 (shift left 9)
2227   21 00 00               LD   HL,0   
222A   1E 00                  LD   E,0   
222C   57                     LD   D,A   
222D   CB 22                  SLA   D   
222F   CB 15                  RL   L   
2231                             ; READ SECTOR AT BYTE HLDE
2231   0E 3C                  LD   C,API_DSKRDB   
2233   D7                     RST   10H   
2234                             ; DATA IS PLACED AT 0600-07FF BY MON3, 0COPY TO (HL)
2234   21 00 06               LD   HL,0600H   
2237   ED 5B 0A 27            LD   DE,(DBUFP)   
223B   01 00 02               LD   BC,512   
223E   CD 55 22               CALL   FASTLDIR   
2241                             ;    LDIR
2241                             ; Advance DBUFP by 512
2241   2A 0A 27               LD   HL,(DBUFP)   
2244   11 00 02               LD   DE,512   
2247   19                     ADD   HL,DE   
2248   22 0A 27               LD   (DBUFP),HL   
224B   C9                     RET      
224C   1A           MOVIT:    LD   A,(DE)   ;TRANSFER (D) TO (H) COUNT IN B
224D   77                     LD   (HL),A   
224E   23                     INC   HL   
224F   13                     INC   DE   
2250   05                     DEC   B   
2251   C2 4C 22               JP   NZ,MOVIT   
2254   C9                     RET      
2255                             ; Fast LDIR routine
2255                FASTLDIR:      
2255   E5                     PUSH   HL   
2256   F5                     PUSH   AF   
2257   AF                     XOR   A   
2258   91                     SUB   C   
2259   E6 0F                  AND   15   
225B   87                     ADD   A,A   
225C   C6 66                  ADD   A,FASTLDIR_LOOP & 255   
225E   6F                     LD   L,A   
225F   CE 22                  ADC   A,msb(FASTLDIR_LOOP)   
2261   95                     SUB   L   
2262   67                     LD   H,A   
2263   F1                     POP   AF   
2264   E3                     EX   (SP),HL   
2265   C9                     RET      
2266                FASTLDIR_LOOP:      
2266   ED A0                  LDI      
2268   ED A0                  LDI      
226A   ED A0                  LDI      
226C   ED A0                  LDI      
226E   ED A0                  LDI      
2270   ED A0                  LDI      
2272   ED A0                  LDI      
2274   ED A0                  LDI      
2276   ED A0                  LDI      
2278   ED A0                  LDI      
227A   ED A0                  LDI      
227C   ED A0                  LDI      
227E   ED A0                  LDI      
2280   ED A0                  LDI      
2282   ED A0                  LDI      
2284   ED A0                  LDI      
2286   EA 66 22               JP   PE,FASTLDIR_LOOP   
2289   C9                     RET      
228A   3A 0F 21     READBF:   LD   A,(CPMLPP)   ;LINES PER PAGE
228D   3D                     DEC   A   
228E   32 95 27               LD   (MORCNT),A   
2291   CD 3B 24               CALL   FLSLIN   ;FLUSH LINE
2294   3E 01                  LD   A,1   
2296   32 38 3D               LD   (NOLPT),A   ;TURN OFF LPT DURING READ
2299   16 4D                  LD   D,77   ;D CONTAINS MAX CHARS CAN READ
229B   1E 00                  LD   E,0   ;E CONTAINS CHAR COUNT
229D   2A 3C 3D               LD   HL,(ARG1)   ;READ A BUFFER
22A0   23                     INC   HL   
22A1   CD 70 23     READB1:   CALL   CIN   ;GET A CHAR
22A4   FE 08                  CP   08H   
22A6   CA D9 22               JP   Z,RDBFRO   
22A9   FE 7F                  CP   7FH   
22AB   CA D9 22               JP   Z,RDBFRO   
22AE   FE 0D                  CP   0DH   
22B0   CA F6 22               JP   Z,RDBFCR   
22B3   FE 12                  CP   18   
22B5   CA 34 23               JP   Z,RDBFRT   
22B8   FE 20                  CP   20H   
22BA   DA A1 22               JP   C,READB1   
22BD   4F                     LD   C,A   
22BE   CD FA 23               CALL   COUT   
22C1   79                     LD   A,C   
22C2   FE 41                  CP   "A"   
22C4   DA CE 22               JP   C,READB2   
22C7   FE 5B                  CP   "Z"+1   
22C9   D2 CE 22               JP   NC,READB2   
22CC   C6 20                  ADD   A,"a"-"A"   ;CONVERT TO LOWER CASE
22CE   77           READB2:   LD   (HL),A   
22CF   23                     INC   HL   
22D0   1C                     INC   E   
22D1   7A                     LD   A,D   
22D2   BB                     CP   E   
22D3   CA 50 23               JP   Z,RDBFFL   
22D6   C3 A1 22               JP   READB1   
22D9   7B           RDBFRO:   LD   A,E   ;CHECK IF 1ST CHAR
22DA   FE 00                  CP   0   ;IF SO DON'T DELETE
22DC   CA A1 22               JP   Z,READB1   ;GO GET ANOTHER CHAR
22DF   1D                     DEC   E   
22E0   2B                     DEC   HL   
22E1   CD E7 22               CALL   COUTBS   
22E4   C3 A1 22               JP   READB1   
22E7   0E 08        COUTBS:   LD   C,08H   
22E9   CD FA 23               CALL   COUT   
22EC   0E 20                  LD   C,20H   
22EE   CD FA 23               CALL   COUT   
22F1   0E 08                  LD   C,08H   ;DEVINE RUBOUT
22F3   C3 FA 23               JP   COUT   
22F6   E5           RDBFCR:   PUSH   HL   
22F7   D5                     PUSH   DE   
22F8   AF                     XOR   A   
22F9   32 38 3D               LD   (NOLPT),A   
22FC   2A 5A 3D               LD   HL,(ZCODEP)   
22FF   11 11 00               LD   DE,ZSCRIP+1   
2302   19                     ADD   HL,DE   
2303   7E                     LD   A,(HL)   
2304   E6 01                  AND   1   
2306   CA 25 23               JP   Z,RDBFC2   ;NO LPT
2309   D1                     POP   DE   
230A   D5                     PUSH   DE   
230B   7B                     LD   A,E   
230C   B7                     OR   A   
230D   CA 25 23               JP   Z,RDBFC2   ;NOTHING TYPED
2310   2A 3C 3D               LD   HL,(ARG1)   
2313   23                     INC   HL   
2314   7E           RDBFC3:   LD   A,(HL)   
2315   FE 61                  CP   "a"   
2317   DA 1C 23               JP   C,RDBFC4   ;NOT LOWER CASE
231A   D6 20                  SUB   "a"-"A"   
231C   4F           RDBFC4:   LD   C,A   
231D   23                     INC   HL   
231E   CD C8 24               CALL   LPTO   
2321   1D                     DEC   E   
2322   C2 14 23               JP   NZ,RDBFC3   
2325   D1           RDBFC2:   POP   DE   
2326   E1                     POP   HL   
2327   7A                     LD   A,D   
2328   BB                     CP   E   
2329   CA 2F 23               JP   Z,RDBFC1   
232C   1C                     INC   E   
232D   36 0D                  LD   (HL),0DH   
232F   CD BB 23     RDBFC1:   CALL   PCRLFD   
2332   7B                     LD   A,E   
2333   C9                     RET      
2334   D5           RDBFRT:   PUSH   DE   
2335   E5                     PUSH   HL   
2336   2A 3C 3D               LD   HL,(ARG1)   
2339   23                     INC   HL   
233A   CD BB 23               CALL   PCRLFD   
233D   7B           RDBFR1:   LD   A,E   
233E   B7                     OR   A   
233F   CA 4B 23               JP   Z,RDBFR2   
2342   4E                     LD   C,(HL)   
2343   CD FA 23               CALL   COUT   
2346   1D                     DEC   E   
2347   23                     INC   HL   
2348   C3 3D 23               JP   RDBFR1   
234B   E1           RDBFR2:   POP   HL   
234C   D1                     POP   DE   
234D   C3 A1 22               JP   READB1   
2350   CD 70 23     RDBFFL:   CALL   CIN   
2353   FE 0D                  CP   0DH   ;ACCEPT <RET>
2355   CA F6 22               JP   Z,RDBFCR   
2358   FE 08                  CP   08   ;OR <DEL>
235A   CA D9 22               JP   Z,RDBFRO   
235D   FE 7F                  CP   7FH   
235F   CA D9 22               JP   Z,RDBFRO   
2362   D5                     PUSH   DE   
2363   C5                     PUSH   BC   
2364   E5                     PUSH   HL   
2365   3E 07                  LD   A,7   ;GET CHARACTER TO PRINT
2367   CD FD 21               CALL   CHROUT   ;ECHO CHARACTER
236A   E1                     POP   HL   
236B   C1                     POP   BC   
236C   D1                     POP   DE   
236D   C3 50 23               JP   RDBFFL   ;AND LOOP TIL GET WHAT WE WANT
2370                             ; ------------------------------------------------------------
2370                             ; CIN - read one character from console (blocking)
2370                             ; TEC-1G version: uses API_RXBYTE to read a byte from the terminal
2370                             ; Output: A = character (bit 7 stripped)
2370                             ; ------------------------------------------------------------
2370   C5           CIN:      PUSH   BC   
2371   D5                     PUSH   DE   
2372   E5                     PUSH   HL   
2373   3A D1 21               LD   A,(ZORKIO)   ;Check input select flag (1=SERIAL, 0=MATRIX/GLCD)
2376   B7                     OR   A   
2377   CA 80 23               JP   Z,CIN1   ;If 0, use MATRIX/GLCD input
237A   0E 17                  LD   C,API_RXBYTE   
237C   D7                     RST   10H   ;CALL MON3 API
237D   C3 98 23               JP   CIN2   
2380                CIN1:        
2380                             ;Flush buffer
2380   3E 0C                  LD   A,API_PLOTSC   
2382   DF                     RST   18H   ;CALL MON3 API, 0A = received byte
2383                             ;Plot Always for keystrokes
2383   0E 00                  LD   C,0   ;ON
2385   3E 21                  LD   A,API_PLOTAW   
2387   DF                     RST   18H   ;CALL MON3 API TO PLOT ALL ON GLCD (FOR DEBUGGING)
2388   0E 12        CINL:     LD   C,API_MATSCN   ; } TEC-1G Monitor API
238A   D7                     RST   10H   ; } keyboard scan
238B   0E 36                  LD   C,API_MATPAR   ; }
238D   D7                     RST   10H   ; } Carry set = key pressed, 0A = ASCII
238E   D2 88 23               JP   NC,CINL   ; No key pressed, keep scanning
2391   F5                     PUSH   AF   
2392                             ;Plot Always for strings off
2392   0E 01                  LD   C,1   ;OFF
2394   3E 21                  LD   A,API_PLOTAW   
2396   DF                     RST   18H   ;CALL MON3 API TO PLOT ALL ON GLCD (FOR DEBUGGING)
2397   F1                     POP   AF   
2398                CIN2:        
2398   21 08 27               LD   HL,RDFLG   
239B   36 FF                  LD   (HL),0FFH   ;NOT FIRST READ ANY MORE
239D   E1                     POP   HL   
239E   D1                     POP   DE   
239F   C1                     POP   BC   
23A0   E6 7F                  AND   7FH   
23A2   C9                     RET      
23A3   21 07 27     COUTD:    LD   HL,COUTDC   ;INCREASE COUNT
23A6   34                     INC   (HL)   
23A7   3A 12 21               LD   A,(CPMINV)   ;INVERSE VIDEO ADDER
23AA   21 06 27               LD   HL,STAFLG   
23AD   A6                     AND   (HL)   ;ADD ONLY IF IN STATUS MODE
23AE   81                     ADD   A,C   
23AF   C5                     PUSH   BC   
23B0   D5                     PUSH   DE   
23B1   E5                     PUSH   HL   
23B2   CD FD 21               CALL   CHROUT   
23B5   E1                     POP   HL   
23B6   D1                     POP   DE   
23B7   C1                     POP   BC   
23B8   C3 DB 23               JP   POPRET   
23BB   C5           PCRLFD:   PUSH   BC   
23BC   D5                     PUSH   DE   
23BD   E5                     PUSH   HL   
23BE   3E 0D                  LD   A,0DH   
23C0   CD FD 21               CALL   CHROUT   ;PRINT CARRIAGE RETURN
23C3   3A 10 21               LD   A,(CPMCLF)   
23C6   B7                     OR   A   
23C7   CA CF 23               JP   Z,PCRLD1   ;NO LINE FEED
23CA   3E 0A                  LD   A,0AH   
23CC   CD FD 21               CALL   CHROUT   ;PRINT LINE FEED
23CF   0E 0D        PCRLD1:   LD   C,0DH   
23D1   CD DF 23               CALL   LPCHK   
23D4   21 95 27               LD   HL,MORCNT   
23D7   35                     DEC   (HL)   
23D8   CC 00 26               CALL   Z,MORE   
23DB   E1           POPRET:   POP   HL   
23DC   D1                     POP   DE   
23DD   C1                     POP   BC   
23DE   C9                     RET      
23DF   C5           LPCHK:    PUSH   BC   
23E0   D5                     PUSH   DE   
23E1   E5                     PUSH   HL   
23E2   2A 5A 3D               LD   HL,(ZCODEP)   
23E5   11 11 00               LD   DE,ZSCRIP+1   
23E8   19                     ADD   HL,DE   
23E9   7E                     LD   A,(HL)   
23EA   E6 01                  AND   1   
23EC   C4 C8 24               CALL   NZ,LPTO   
23EF   C3 DB 23               JP   POPRET   
23F2   CD B6 24     COUTCR:   CALL   LINOCR   
23F5   C3 37 24               JP   CORET   
23F8   0E 0D        PCRLF:    LD   C,0DH   
23FA   C5           COUT:     PUSH   BC   
23FB   D5                     PUSH   DE   
23FC   E5                     PUSH   HL   
23FD   79                     LD   A,C   
23FE   FE 08                  CP   8   
2400   CA 17 24               JP   Z,COUT1   
2403   FE 1B                  CP   1BH   
2405   CA C7 24               JP   Z,CLEARS   
2408   FE 0C                  CP   12   
240A   CA C7 24               JP   Z,CLEARS   
240D   FE 0D                  CP   0DH   
240F   CA F2 23               JP   Z,COUTCR   
2412   FE 20                  CP   20H   
2414   DA 37 24               JP   C,CORET   ;NON PRINTING
2417   3A 38 3D     COUT1:    LD   A,(NOLPT)   
241A   B7                     OR   A   
241B   C2 A3 23               JP   NZ,COUTD   
241E   3A 0C 27               LD   A,(NCHARS)   
2421   21 0E 21               LD   HL,CPMCPL   
2424   BE                     CP   (HL)   
2425   D4 B6 24               CALL   NC,LINOCR   ;OUTPUT LINE IF FULL
2428   3A 0C 27               LD   A,(NCHARS)   
242B   3C                     INC   A   
242C   32 0C 27               LD   (NCHARS),A   
242F   2A 92 27               LD   HL,(CHRPNT)   
2432   71                     LD   (HL),C   
2433   23                     INC   HL   
2434   22 92 27               LD   (CHRPNT),HL   
2437   E1           CORET:    POP   HL   
2438   D1                     POP   DE   
2439   C1                     POP   BC   
243A   C9                     RET      
243B   C5           FLSLIN:   PUSH   BC   ;FLUSH LINE
243C   3A 0C 27               LD   A,(NCHARS)   
243F   B7                     OR   A   
2440   CA B4 24               JP   Z,LINOTR   ;NO CHARS
2443   C3 65 24               JP   LINFUL   ;PRINT ALL
2446   C5           LINOUT:   PUSH   BC   
2447   3A 0C 27               LD   A,(NCHARS)   
244A   B7                     OR   A   
244B   CA B4 24               JP   Z,LINOTR   ;NO CHARACTERS
244E   3D                     DEC   A   
244F   47                     LD   B,A   
2450   79                     LD   A,C   
2451   FE 0D                  CP   0DH   
2453   CA 65 24               JP   Z,LINFUL   
2456   2A 92 27               LD   HL,(CHRPNT)   ;FIND LAST SPACE
2459   2B                     DEC   HL   
245A   7E           LINOT1:   LD   A,(HL)   
245B   FE 20                  CP   20H   
245D   CA 6C 24               JP   Z,LINOT2   ;FOUND SPACE
2460   2B                     DEC   HL   
2461   05                     DEC   B   
2462   F2 5A 24               JP   P,LINOT1   
2465   2A 92 27     LINFUL:   LD   HL,(CHRPNT)   ;PRINT WHOLE LINE
2468   3A 0C 27               LD   A,(NCHARS)   
246B   47                     LD   B,A   
246C   C5           LINOT2:   PUSH   BC   
246D   E5                     PUSH   HL   
246E   21 0D 27               LD   HL,CHARS   
2471   78                     LD   A,B   
2472   B7                     OR   A   
2473   CA 8B 24               JP   Z,LINOT6   
2476   C5           LINOT3:   PUSH   BC   
2477   D5                     PUSH   DE   
2478   E5                     PUSH   HL   
2479   7E                     LD   A,(HL)   ;GET CHARACTER TO PRINT
247A   CD FD 21               CALL   CHROUT   ;PRINT CHARACTER IN A
247D   E1                     POP   HL   
247E   E5                     PUSH   HL   
247F   4E                     LD   C,(HL)   
2480   CD DF 23               CALL   LPCHK   
2483   E1                     POP   HL   
2484   D1                     POP   DE   
2485   23                     INC   HL   
2486   C1                     POP   BC   
2487   05                     DEC   B   
2488   C2 76 24               JP   NZ,LINOT3   
248B   E1           LINOT6:   POP   HL   
248C   23                     INC   HL   
248D   C1                     POP   BC   
248E   3A 0C 27               LD   A,(NCHARS)   
2491   90                     SUB   B   
2492   3D                     DEC   A   
2493   F2 97 24               JP   P,LINOT7   
2496   AF                     XOR   A   
2497                             ; 
2497   32 0C 27     LINOT7:   LD   (NCHARS),A   ;CHARACTERS NOT YET PRINTED
249A   CA A8 24               JP   Z,LINOT5   
249D   11 0D 27               LD   DE,CHARS   
24A0   7E           LINOT4:   LD   A,(HL)   
24A1   12                     LD   (DE),A   
24A2   23                     INC   HL   
24A3   13                     INC   DE   
24A4   05                     DEC   B   
24A5   C2 A0 24               JP   NZ,LINOT4   
24A8   21 0D 27     LINOT5:   LD   HL,CHARS   
24AB   3A 0C 27               LD   A,(NCHARS)   
24AE   CD 89 3A               CALL   HLOFF   
24B1   22 92 27               LD   (CHRPNT),HL   
24B4   C1           LINOTR:   POP   BC   
24B5   C9                     RET      
24B6   CD 46 24     LINOCR:   CALL   LINOUT   
24B9   C3 BB 23               JP   PCRLFD   
24BC   2A 5A 3D     TMCHK:    LD   HL,(ZCODEP)   ;RETURNS NON ZERO IF IN TIME DISPLAY MODE
24BF   11 01 00               LD   DE,ZSWAP   
24C2   19                     ADD   HL,DE   
24C3   7E                     LD   A,(HL)   
24C4   E6 02                  AND   ZTIMEF   
24C6   C9                     RET      
24C7                CLEARS:      
24C7   C9                     RET      ;NOT YET IMPLEMENTED
24C8                             ; LPTO - printer output (stubbed, no printer on TEC-1G)
24C8   C9           LPTO:     RET      
24C9   C9           LPINIT:   RET      
24CA   21 15 21     WHOLIN:   LD   HL,BSTLIN   
24CD   7E                     LD   A,(HL)   ;DO WE HAVE A STATUS LINE?
24CE   B7                     OR   A   
24CF   C8                     RET   Z   ;NO, RETURN
24D0   3A 60 3D               LD   A,(CSPERM)   ;SAVE DATA CLOBERED BY PRNTDC
24D3   67                     LD   H,A   
24D4   3A 61 3D               LD   A,(STBYTF)   
24D7   6F                     LD   L,A   
24D8   E5                     PUSH   HL   
24D9   2A 62 3D               LD   HL,(ZSTWRD)   
24DC   E5                     PUSH   HL   
24DD   2A 52 3D               LD   HL,(MPCL)   
24E0   E5                     PUSH   HL   
24E1   2A 51 3D               LD   HL,(MPCH)   
24E4   E5                     PUSH   HL   
24E5   21 15 21               LD   HL,BSTLIN   
24E8   CD 0E 22               CALL   PCSTR   ;POSITON TO TOP OF SCREEN
24EB   AF                     XOR   A   
24EC   32 07 27               LD   (COUTDC),A   ;BEGINNING OF LINE
24EF   3E 01                  LD   A,1   
24F1   32 38 3D               LD   (NOLPT),A   
24F4   3E FF                  LD   A,0FFH   
24F6   32 06 27               LD   (STAFLG),A   ;STATUS LINE FLAG (ANDED WITH CPMINV ADDER)
24F9   CD BC 24               CALL   TMCHK   
24FC   C2 5C 25               JP   NZ,WHOLT   
24FF   CD 4E 25               CALL   WHOLN1   ;COMMON TIME/ROOM PRINTING
2502   21 DC 25               LD   HL,WHOMSG   ;PRINT "SCORE"
2505   CD BB 25               CALL   POSPST   ;POSITION THEN PRINT
2508   3E 11                  LD   A,SCOREG   
250A   CD DA 2E               CALL   VARGET   
250D   CD 18 37               CALL   PRNTNC   
2510   0E 2F                  LD   C,"/"   
2512   CD FA 23               CALL   COUT   
2515   3E 12                  LD   A,MOVESG   
2517   CD DA 2E               CALL   VARGET   
251A   CD 18 37               CALL   PRNTNC   
251D   3A 0E 21     WHOLN2:   LD   A,(CPMCPL)   
2520   47                     LD   B,A   
2521   CD AC 25               CALL   CHRPOS   ;BLANK REST OF LINE
2524   21 16 21               LD   HL,ESTLIN   
2527   CD 0E 22               CALL   PCSTR   ;POSITION BACK TO LOWER LEFT
252A   AF                     XOR   A   
252B   32 38 3D               LD   (NOLPT),A   
252E   32 06 27               LD   (STAFLG),A   
2531   32 56 3D               LD   (MPCFLG),A   ;RESTORE STRING VALUES
2534   E1                     POP   HL   
2535   7D                     LD   A,L   
2536   32 51 3D               LD   (MPCH),A   
2539   E1                     POP   HL   
253A   22 52 3D               LD   (MPCL),HL   
253D   E1                     POP   HL   
253E   22 62 3D               LD   (ZSTWRD),HL   
2541   E1                     POP   HL   
2542   7C                     LD   A,H   
2543   32 60 3D               LD   (CSPERM),A   
2546   7D                     LD   A,L   
2547   32 61 3D               LD   (STBYTF),A   
254A   CD BF 3B               CALL   GETMOD   
254D   C9                     RET      
254E   0E 20        WHOLN1:   LD   C," "   ;PRINT A " "
2550   CD FA 23               CALL   COUT   
2553   3E 10                  LD   A,ROOMG   ;GET THE CURRENT ROOM NO.
2555   CD DA 2E               CALL   VARGET   
2558   7D                     LD   A,L   
2559   C3 A2 31               JP   PRNTDC   ;PRINT THE SHORT DESCRIPTION
255C                             ; 
255C                             ; PRINT THE TIME (HOURS)
255C   CD 4E 25     WHOLT:    CALL   WHOLN1   
255F   21 E4 25               LD   HL,WHOTMS   ;PRINT ".......TIME" MESSAGE
2562   CD BB 25               CALL   POSPST   
2565   3E 11                  LD   A,SCOREG   ;GET HOURS IN MILITARY TIME (24 HR CLOCK)
2567   CD DA 2E               CALL   VARGET   
256A   7D                     LD   A,L   ;A <= HOURS
256B   F5                     PUSH   AF   ;SAVE HOURS
256C   B7                     OR   A   ;HOURS=0?
256D   C2 75 25               JP   NZ,WHOLT0   ; NO.
2570   2E 0C                  LD   L,12   ; YES.  0 HRS IS REALLY 12 HOURS
2572   C3 7D 25               JP   WHOLT1   
2575                             ; 
2575   FE 0D        WHOLT0:   CP   13   ;COMPARE HOURS (24 HR CLOCK) WITH 13
2577   DA 7D 25               JP   C,WHOLT1   ; IF < 13 THEN PRINT HOURS
257A   D6 0C                  SUB   12   ;   ELSE A <= A-12
257C   6F                     LD   L,A   ;        L <= ADJUSTED TIME (12 HR CLOCK)
257D   CD 18 37     WHOLT1:   CALL   PRNTNC   ;PRINT THE HOURS
2580   0E 3A                  LD   C,":"   ;PRINT ":"
2582   CD FA 23               CALL   COUT   
2585                             ; 
2585                             ; PRINT TIME (MINUTES)
2585   3E 12                  LD   A,MOVESG   ;GET THE MINUTES
2587   CD DA 2E               CALL   VARGET   ;A <= MINUTES
258A   CD 3E 26               CALL   PNTTIM   ;PRINT THE MINUTES
258D   0E 20                  LD   C," "   ;PRINT A " "
258F   CD FA 23               CALL   COUT   
2592                             ; 
2592                             ; PRINT "AM/PM"
2592   0E 61                  LD   C,"a"   
2594   F1                     POP   AF   ;RESTORE HOURS
2595   FE 18                  CP   24   ;24 HOURS IS AM
2597   CA A1 25               JP   Z,WHOLT2   
259A   FE 0C                  CP   12   ;< 12 HOURS IS AM
259C   DA A1 25               JP   C,WHOLT2   
259F   0E 70                  LD   C,"p"   ;ELSE IT'S PM
25A1   CD FA 23     WHOLT2:   CALL   COUT   ;PRINT "A/P"
25A4   0E 6D                  LD   C,"m"   
25A6   CD FA 23               CALL   COUT   ;PRINT "M"
25A9   C3 1D 25               JP   WHOLN2   
25AC                             ; 
25AC   3A 07 27     CHRPOS:   LD   A,(COUTDC)   ;SPACE UNTILE COUTDC=(B)
25AF   B8                     CP   B   
25B0   D0                     RET   NC   
25B1   C5                     PUSH   BC   
25B2   0E 20                  LD   C,20H   
25B4   CD FA 23               CALL   COUT   
25B7   C1                     POP   BC   
25B8   C3 AC 25               JP   CHRPOS   
25BB   3A 0E 21     POSPST:   LD   A,(CPMCPL)   
25BE   FE 27                  CP   39   ;VERY SHORT
25C0   DA D6 25               JP   C,POSPS1   ;DON'T PRINT WORDS
25C3   D6 10                  SUB   16   
25C5   E5                     PUSH   HL   
25C6   47                     LD   B,A   
25C7   CD AC 25               CALL   CHRPOS   ;SPACE OVER
25CA   E1                     POP   HL   
25CB   46                     LD   B,(HL)   
25CC   23           POSPS2:   INC   HL   
25CD   4E                     LD   C,(HL)   
25CE   CD FA 23               CALL   COUT   
25D1   05                     DEC   B   
25D2   C2 CC 25               JP   NZ,POSPS2   
25D5   C9                     RET      
25D6   D6 08        POSPS1:   SUB   8   ;MOVE OVER 8 FROM EDGE
25D8   47                     LD   B,A   
25D9   C3 AC 25               JP   CHRPOS   
25DC   07           WHOMSG:   DB   7   
25DD   53 63 6F 72 65 3A      DB   "Score:"   
25E3   20                     DB   20H   
25E4   06           WHOTMS:   DB   6   
25E5   54 69 6D 65 3A         DB   "Time:"   
25EA   20                     DB   20H   
25EB                             ;MORMSG: DB "-------------More-------------",0
25EB   2D 2D 2D 2D 2D 2D 2D 2D 4D 6F 72 65 2D 2D 2D 2D 2D 2D 2D 2D 00 MORMSG:   DB   "--------More--------",0   
2600                LMORE:    EQU   $-MORMSG   
2600   3A 0F 21     MORE:     LD   A,(CPMLPP)   
2603   B7                     OR   A   
2604   C8                     RET   Z   ;NO MORE LINE IF 0
2605   3D                     DEC   A   
2606   77                     LD   (HL),A   
2607   CD CA 24               CALL   WHOLIN   ;SHOW STATUS
260A   3E 01                  LD   A,1   
260C   32 38 3D               LD   (NOLPT),A   ;DON'T SCRIPT MORE MESSAGE
260F   21 EB 25               LD   HL,MORMSG   
2612   CD A0 26               CALL   MSGOUT   
2615   CD 70 23               CALL   CIN   
2618   0E 01                  LD   C,1   ;NO AUTO LF
261A   3E 1F                  LD   A,API_AUTOLF   
261C   DF                     RST   18H   ;CALL MON3 API TO DISABLE AUTO LF
261D   3E 0D                  LD   A,0DH   
261F   CD FD 21               CALL   CHROUT   
2622   06 15                  LD   B,LMORE   
2624   C5           MORE1:    PUSH   BC   
2625   3E 20                  LD   A,20H   
2627   CD FD 21               CALL   CHROUT   ;PRINT A SPACE TO ERASE "MORE" MESSAGE
262A   C1                     POP   BC   
262B   05                     DEC   B   
262C   C2 24 26               JP   NZ,MORE1   
262F   3E 0D                  LD   A,0DH   
2631   CD FD 21               CALL   CHROUT   ;PRINT CARRIAGE RETURN TO ERASE "MORE" MESSAGE
2634   0E 00                  LD   C,0   ;AUTO LF
2636   3E 1F                  LD   A,API_AUTOLF   
2638   DF                     RST   18H   ;CALL MON3 API TO DISABLE AUTO LF
2639   AF                     XOR   A   
263A   32 38 3D               LD   (NOLPT),A   
263D   C9                     RET      ;NOW AT BEGINNING OF CLEAR LINE
263E   11 0A 00     PNTTIM:   LD   DE,10   
2641   CD A6 38               CALL   HLGEDE   
2644   0E 30                  LD   C,"0"   
2646   D4 FA 23               CALL   NC,COUT   
2649   C3 18 37               JP   PRNTNC   
264C                             ;ZZZZZZZZZZZZZZZZZZZZZZZZZZZ
264C                QUIT:        ; Close game file handle
264C                             ; LD A,(ZORKFH)
264C                             ; LD B,A
264C                             ; LD C,DEV_CLOSE
264C                             ; CALL KERNELADDR
264C   21 14 21               LD   HL,RTRMST   
264F   CD 0E 22               CALL   PCSTR   
2652                             ; LD C,SYS_EXIT
2652                             ; CALL KERNELADDR
2652   C9                     RET      
2653                             ; HALT		;SHOULD NOT REACH HERE
2653                RESTAR:      
2653                             ; Close and reopen game file
2653                             ; LD A,(ZORKFH)
2653                             ; LD B,A
2653                             ; LD C,DEV_CLOSE
2653                             ; CALL KERNELADDR
2653   21 14 21               LD   HL,RTRMST   
2656   CD 0E 22               CALL   PCSTR   
2659   C3 00 20               JP   START   
265C                             ; ------------------------------------------------------------
265C                             ; SAVE - save game state (NOT IMPLEMENTED on TEC-1G)
265C                             ; ------------------------------------------------------------
265C                SAVE:        
265C   21 6C 26               LD   HL,SAVMSG   
265F   CD A0 26               CALL   MSGOUT   
2662   CD F8 23               CALL   PCRLF   
2665   AF                     XOR   A   
2666   32 4F 3D               LD   (ZPCFLG),A   
2669   C3 F2 2E               JP   PREDF   ;INDICATE FAILURE
266C   53 61 76 65 20 6E 6F 74 20 79 65 74 20 69 6D 70 6C 65 6D 65 6E 74 65 64 2E 00 SAVMSG:   DB   "Save not yet implemented.",0   
2686   CD F8 23     SRCLOS:   CALL   PCRLF   
2689   AF                     XOR   A   
268A   32 4F 3D               LD   (ZPCFLG),A   
268D   C3 01 2F               JP   PREDS   
2690                SFAIL:       
2690                SRFAIL:      
2690   AF           SFAIL1:   XOR   A   
2691   32 4F 3D               LD   (ZPCFLG),A   
2694   C3 F2 2E               JP   PREDF   
2697   FE 61        UPPER:    CP   "a"   
2699   D8                     RET   C   
269A   FE 7B                  CP   "z"+1   
269C   D0                     RET   NC   
269D   D6 20                  SUB   "a"-"A"   
269F   C9                     RET      
26A0                             ; ------------------------------------------------------------
26A0                             ; MSGOUT - print null-terminated string at HL to console
26A0                             ; Uses Mon3 txByte
26A0                             ; ------------------------------------------------------------
26A0   4E           MSGOUT:   LD   C,(HL)   
26A1   7E                     LD   A,(HL)   
26A2   B7                     OR   A   
26A3   C8                     RET   Z   
26A4   C5                     PUSH   BC   
26A5   D5                     PUSH   DE   
26A6   E5                     PUSH   HL   
26A7   7E                     LD   A,(HL)   
26A8   CD FD 21               CALL   CHROUT   ;PRINT CHARACTER IN A
26AB   E1                     POP   HL   
26AC   E5                     PUSH   HL   
26AD   CD B7 26               CALL   MSGCRC   
26B0   E1                     POP   HL   
26B1   D1                     POP   DE   
26B2   C1                     POP   BC   
26B3   23                     INC   HL   
26B4   C3 A0 26               JP   MSGOUT   
26B7   3A 10 21     MSGCRC:   LD   A,(CPMCLF)   
26BA   B7                     OR   A   
26BB   C8                     RET   Z   ;NO LF AFTER CR
26BC   7E                     LD   A,(HL)   
26BD   FE 0D                  CP   0DH   
26BF   C0                     RET   NZ   ;NOT CR
26C0   3E 0A                  LD   A,0AH   
26C2   C3 FD 21               JP   CHROUT   ;PRINT LF AFTER CR
26C5                             ; ------------------------------------------------------------
26C5                             ; RESTOR - restore game state (NOT IMPLEMENTED on TEC-1G)
26C5                             ; ------------------------------------------------------------
26C5                RESTOR:      
26C5   21 D5 26               LD   HL,RSTMSG   
26C8   CD A0 26               CALL   MSGOUT   
26CB   CD F8 23               CALL   PCRLF   
26CE   AF                     XOR   A   
26CF   32 4F 3D               LD   (ZPCFLG),A   
26D2   C3 F2 2E               JP   PREDF   ;INDICATE FAILURE
26D5   52 65 73 74 6F 72 65 20 6E 6F 74 20 79 65 74 20 69 6D 70 6C 65 6D 65 6E 74 65 64 2E 00 RSTMSG:   DB   "Restore not yet implemented.",0   
26F2                             ; TEC-1G: single file, 0Already open. These are stubs.
26F2   F5           LFILS:    PUSH   AF   
26F3   3E 03                  LD   A,3   
26F5   32 94 27               LD   (FILTYP),A   ;MARK AS DAT FILE OPEN
26F8   C3 03 27               JP   LFILR   
26FB   F5           LFILD:    PUSH   AF   
26FC   C3 03 27               JP   LFILR   
26FF   F5           LFILP:    PUSH   AF   
2700   C3 03 27               JP   LFILR   
2703   F1           LFILR:    POP   AF   
2704   C9                     RET      
2705   C9           LFILC:    RET      
2706                             ;DATA
2706   00           STAFLG:   DB   0   ;0FFH WHEN IN STATUS LINE MODE
2707   00           COUTDC:   DB   0   ;CHARACTER COUNT UNDER STATUS LINE
2708   00           RDFLG:    DB   0   ;0 FOR FIRST READ
2709   00           PRFLG:    DB   0   ;0 FOR FIRST PRINT
270A   00 00        DBUFP:    DW   0   ;DSK POINTER
270C   00           NCHARS:   DB   0   
270D                CHARS:    DS   CPLMAX   
2792   0D 27        CHRPNT:   DW   CHARS   
2794   00           FILTYP:   DB   0   ;0 FOR NONE, 1 FOR PRE, 2 FOR PUR, 3 FOR DAT
2795   17           MORCNT:   DB   23   
2796                             ;(PUT IN CODE SEGMENT TO PRESERVE COMMON ZORKBODY)
2796                PDL:      DS   LPDL   ;CONTROL STACK
2926   E8 2A        ZSTAKP:   DW   ZSTACK+(2*ZSTAKL)   ;POINTER TO CURRENT ZSTACK
2928                ZSTACK:   DS   ZSTAKL*2   ;ZSTACK
2AE8                PGTBL:    DS   MAXPGS   ;PAGE NUMBER, 0 ALWAYS IN MEMORY, THUS 0=FREE
2B28                PGTBLF:   DS   MAXPGS   ;NEXT LINK POINTER, 0FFH IMPLIES END POINT
2B68                PGTBLB:   DS   MAXPGS   ;PREVIOUS LINK POINTER
2BA8                PGTFD:    EQU   PGTBLF-PGTBL   
2BA8                PGTBD:    EQU   PGTBLB-PGTBL   
2BA8   0D           VRS:      DB   0DH   
2BA9   55 50 44 41 54 45 44 20 32 2E 35 2E 38 35 DB   "UPDATED 2.5.85"   
2BB7   0D 00                  DB   0DH,0   
2BB9   0D           VRLINE:   DB   0DH   
2BBA   56 45 52 53 49 4F 4E 20 43 DB   "VERSION C"   
2BC3   0D 00                  DB   0DH,0   
2BC5                             ; 
2BC5                             ; **********************************************************************
2BC5                             ; *                                                                    *
2BC5                             ; *            WARMSTART ENTRY                                         *
2BC5                             ; *                                                                    *
2BC5                             ; **********************************************************************
2BC5                             ; 
2BC5                             ; 
2BC5                             ; MAIN BODY OF CODE STARTS HERE.
2BC5                             ; 
2BC5   AF           BODY:     XOR   A   
2BC6   32 4F 3D               LD   (ZPCFLG),A   ;DISABLE TIME IN STATUS LINE, NO SPLIT FILE, NOT TANDY
2BC9   32 56 3D               LD   (MPCFLG),A   ;NO VALID MEMORY IN FROM DISK (MPCPNT NOT VALID)
2BCC   32 5D 3D               LD   (PGTOP),A   ;SET TOP OF LIST PAGE
2BCF                             ; 
2BCF                             ; DISPLAY BANNER (PRINT REGARDLESS OF GLCD PRESENT)
2BCF                             ; 
2BCF   21 6C 3D               LD   HL,ADVENTURE_BANNER   
2BD2   11 00 0A               LD   DE,0A00H   ; GBUF internal location
2BD5   01 00 04               LD   BC,16 * 64   ; 1024
2BD8   ED B0                  LDIR      
2BDA   3E 0C                  LD   A,12   ; Plot to GLCD
2BDC   DF                     RST   18H   
2BDD                             ; 
2BDD                             ; MENU DRIVER TO SELECT I/O
2BDD                             ; 
2BDD   0E 1F                  LD   C,API_MENUDR   
2BDF   21 03 20               LD   HL,MENUIO   
2BE2   D7                     RST   10H   
2BE3                SETINP:      
2BE3   3A 97 08               LD   A,(MENUID)   ; Menu selection number 0=Matrix, 1=Serial
2BE6   32 D1 21               LD   (ZORKIO),A   ;(0=MATRIX/GLCD, 1=SERIAL)
2BE9   0E 2F                  LD   C,API_MENUPP   
2BEB   D7                     RST   10H   ; Menu Clear
2BEC                             ; 
2BEC                             ; MENU DRIVER TO SELECT GAME
2BEC                             ; 
2BEC   0E 1F                  LD   C,API_MENUDR   
2BEE   21 45 20               LD   HL,MENUGAME   
2BF1   D7                     RST   10H   
2BF2                SETGAME:      
2BF2   3A 97 08               LD   A,(MENUID)   ; Menu selection number 0=Matrix, 1=Serial
2BF5   32 D2 21               LD   (ZORKGM),A   ;(0=MATRIX/GLCD, 1=SERIAL)
2BF8   0E 2F                  LD   C,API_MENUPP   
2BFA   D7                     RST   10H   ; Menu Clear
2BFB                             ; 
2BFB                             ; INITIALISE TEC-1G I/O
2BFB                             ; 
2BFB   3A D1 21               LD   A,(ZORKIO)   
2BFE   B7                     OR   A   
2BFF   CA 12 2C               JP   Z,INITGLCD   
2C02   3E 4F                  LD   A,79   ;CHARACTERS PER LINE
2C04   32 0E 21               LD   (CPMCPL),A   
2C07   3E 17                  LD   A,23   ;LINES PER PAGE EXCLUDING STATUS LINE
2C09   32 0F 21               LD   (CPMLPP),A   
2C0C   0E 14                  LD   C,API_SEREBL   
2C0E   D7                     RST   10H   ;CALL MON3 API TO ENABLE SERIAL TERMINAL
2C0F   C3 24 2C               JP   BODYCNT   
2C12                INITGLCD:      
2C12   3E 15                  LD   A,21   ;CHARACTERS PER LINE
2C14   32 0E 21               LD   (CPMCPL),A   
2C17   3E 0A                  LD   A,10   ;LINES PER PAGE EXCLUDING STATUS LINE
2C19   32 0F 21               LD   (CPMLPP),A   
2C1C   3E 17                  LD   A,API_INITGL   
2C1E   DF                     RST   18H   ;CALL MON3 API TO INITIALIZE GLCD TERMINAL
2C1F   0E 01                  LD   C,1   ;OFF
2C21   3E 21                  LD   A,API_PLOTAW   
2C23   DF                     RST   18H   ;CALL MON3 API TO PLOT ALWAYS OFF
2C24                BODYCNT:      
2C24                             ; 
2C24                             ; OPEN GAME DATA FILE VIA TEC-1G API
2C24                             ; 
2C24   3A D2 21               LD   A,(ZORKGM)   ; Menu game selection number
2C27                             ;Index it by 13 to get file position
2C27   26 00                  LD   H,0   
2C29   6F                     LD   L,A   
2C2A   29                     ADD   HL,HL   
2C2B   29                     ADD   HL,HL   
2C2C   54                     LD   D,H   
2C2D   5D                     LD   E,L   
2C2E   29                     ADD   HL,HL   
2C2F   19                     ADD   HL,DE   
2C30   16 00                  LD   D,0   
2C32   5F                     LD   E,A   
2C33   19                     ADD   HL,DE   
2C34   11 19 21               LD   DE,GAMES   ;First Game
2C37   19                     ADD   HL,DE   ;Get Index of Game in GAMES table
2C38                             ;HL = offset of filename string
2C38   0E 3B                  LD   C,API_DSKOPN   
2C3A   D7                     RST   10H   
2C3B   3E 03                  LD   A,3   
2C3D   32 94 27               LD   (FILTYP),A   ;MARK AS DAT FILE OPEN
2C40   C3 43 2C               JP   BODY2   
2C43                BODY2:       
2C43                             ; 
2C43                             ; INITIALIZE ZSTACK
2C43                             ; 
2C43   3E 01                  LD   A,1   
2C45   32 29 3D               LD   (ZSTAKC),A   ;INITIALIZE ZSTACK POSITION COUNTER
2C48   21 E8 2A               LD   HL,ZSTACK+(2*ZSTAKL)   
2C4B   22 26 29               LD   (ZSTAKP),HL   ;SAVE THE LOCATION OF THE BOTTOM OF ZSTACK IN
2C4E                             ;                        ZSTACK POINTER
2C4E                             ; 
2C4E                             ; INITIALIZE PAGE TABLES
2C4E                             ; 
2C4E   11 E8 2A               LD   DE,PGTBL   ;DE ^  TOP OF PAGE TABLE
2C51   01 00 40               LD   BC,0+(MAXPGS*256)   ;FOR NUMBER OF PAGES (IN B)
2C54                             ; 
2C54                START1:      
2C54                             ;  INITIALIZE PGTBL
2C54   AF                     XOR   A   
2C55   12                     LD   (DE),A   ;(PGTBL+PAGE NUMBER) <= 0
2C56                             ;				 FREE THE PAGE (NO PAGE IN MEMORY)
2C56                             ; 
2C56   21 40 00               LD   HL,PGTFD   ;HL <= MAXIMUM NUMBER OF PAGES
2C59                             ;				 USED AS AN OFFSET INTO PGTBLF
2C59                             ; 
2C59                             ;  INITIALIZE FOWARD POINTER
2C59   19                     ADD   HL,DE   ;HL ^ PAGE FORWARD POINTER TABLE SLOT
2C5A   71                     LD   (HL),C   ;SAVE CURRENT POINTER
2C5B   34                     INC   (HL)   ;ADD 1 TO MAKE IT A FORWARD POINTER
2C5C                             ; 
2C5C                             ;  INITIALIZE PREVIOUS POINTER
2C5C   21 80 00               LD   HL,PGTBD   ;HL ^ PAGE PREVIOUS POINTER TABLE BASE ADDRESS
2C5F   19                     ADD   HL,DE   ;ADD OFFSET
2C60   71                     LD   (HL),C   ;SAVE CURRENT POINTER
2C61   35                     DEC   (HL)   ;SUBTRACT 1 TO MAKE IT A PREVIOUS POINTER
2C62                             ; 
2C62                             ;  UPDATE
2C62   0C                     INC   C   ;NEXT PAGE
2C63   13                     INC   DE   ;NEXT SLOT IN TABLES
2C64                             ; 
2C64                             ;  TEST LOOP FOR DONE
2C64   05                     DEC   B   ;DECREMENT NUMBER OF SLOTS REMAINING
2C65   C2 54 2C               JP   NZ,START1   ;>0? YES. CONTINUE LOOPING.
2C68                             ; 
2C68                             ; CORRECT FOR NO FORWARD POINTER FOR LAST PAGE
2C68                             ; 
2C68   21 3F 00               LD   HL,PGTFD-1   
2C6B   19                     ADD   HL,DE   
2C6C   36 FF                  LD   (HL),0FFH   
2C6E                             ; 
2C6E                             ;  SET BOTTOM PAGE NO.
2C6E                             ; 
2C6E   3E 3F                  LD   A,MAXPGS-1   
2C70   32 5E 3D               LD   (PGBOT),A   
2C73                             ; 
2C73                             ; COMPUTE ZCODE STARTING ADDRESSS
2C73                             ; 
2C73   21 6C 41               LD   HL,LMEMRY   ;POINT HL PAST ZIP
2C76   11 FF 00               LD   DE,0FFH   ;ADJUST ADDRESS TO A PAGE BOUNDRY
2C79   19                     ADD   HL,DE   
2C7A   2E 00                  LD   L,0   
2C7C   22 5A 3D               LD   (ZCODEP),HL   ;SAVE ZCODE STARTING ADDRESS
2C7F                             ; 
2C7F                             ; FILE ALREADY OPEN VIA Mon3 (ZORKFH has handle)
2C7F                             ; 
2C7F                             ; 
2C7F                             ; INITIALIZE TERMINAL
2C7F                             ; 
2C7F   21 13 21               LD   HL,ITRMST   ;POINT TO TERMINAL INITIALIZATION STRING
2C82   CD 0E 22               CALL   PCSTR   ; FOR HOME, 0CLEAR SCREEN AND PRINT IT
2C85                             ; 
2C85                             ; INITIALIZE TERMINAL RELATED COUNTERS
2C85                             ; 
2C85   3A 0F 21               LD   A,(CPMLPP)   ;INITIALIZE LINES/PAGE (EXCLUDING STATUS LINE)
2C88   3D                     DEC   A   ;COUNTER (MORCNT) =(CPMLPP)-1
2C89   32 95 27               LD   (MORCNT),A   ;  WHICH TELLS THE PROGRAM WHEN TO PRINT ....MORE....
2C8C   AF                     XOR   A   ;A<=0
2C8D   32 0C 27               LD   (NCHARS),A   ;RESET (NCHARS)
2C90   21 0D 27               LD   HL,CHARS   ;SET UP CHARACTERS/LINE
2C93   22 92 27               LD   (CHRPNT),HL   
2C96                             ; 
2C96                             ; GET THE FIRST SECTOR OF ZCODE
2C96                             ; 
2C96   2A 5A 3D               LD   HL,(ZCODEP)   ;^ TOP OF ZCODE BUFFER
2C99   AF                     XOR   A   
2C9A   CD 24 22               CALL   GETDSK   ;READ IN FIRST SECTION
2C9D                             ; 
2C9D                             ; EXTRACT GAME DATA FROM ZCODE HEADER
2C9D                             ; 
2C9D   2A 5A 3D               LD   HL,(ZCODEP)   ;HL ^ TOP OF ZCODE BUFFER
2CA0   11 04 00               LD   DE,ZENDLD   ;DE <= OFFSET TO NON-PRELOADED ZCODE
2CA3   19                     ADD   HL,DE   ;HL ^ START OF NON-PRELOADED ZCODE
2CA4   56                     LD   D,(HL)   ;GET MSB OF ENDLOAD POINTER
2CA5   23                     INC   HL   ; ADD 1
2CA6   5E                     LD   E,(HL)   ;GET LSB OF ENDLOAD POINTER
2CA7   21 00 02               LD   HL,200H   ;HL <= 256
2CAA   19                     ADD   HL,DE   ;HL <= ENDLOAD POINTER + 200H
2CAB   7C                     LD   A,H   ;A <= MSB
2CAC   E6 FE                  AND   0FEH   ; 
2CAE   67                     LD   H,A   ; 
2CAF   2E 00                  LD   L,0   ; 
2CB1   2B                     DEC   HL   ;ALL THIS TO GET TO BLOCK BOUNDRY
2CB2   EB                     EX   DE,HL   ;DE <= CORRECTED ENDLOAD POINTER
2CB3   01 04 00               LD   BC,ZENDLD   ;BC <= OFFSET TO NON-PRELOADED ZCODE
2CB6   2A 5A 3D               LD   HL,(ZCODEP)   ;HL ^ TOP OF ZCODE BUFFER
2CB9   09                     ADD   HL,BC   ;HL ^ START OF NON-PRELOADED ZCODE
2CBA   72                     LD   (HL),D   ;SAVE MSB OF CORRECTED ENDLOAD POINTER
2CBB   23                     INC   HL   
2CBC   73                     LD   (HL),E   ;SAVE LSB OF CORRECTED ENDLOAD POINTER
2CBD   2A 5A 3D               LD   HL,(ZCODEP)   ;HL ^ TOP OF ZCODE BUFFER
2CC0   D5                     PUSH   DE   ;SAVE CORRECTED ENDLOAD POINTER ON STACK
2CC1   19                     ADD   HL,DE   ;HL ^ END OF PRELOAD
2CC2   EB                     EX   DE,HL   ;DE ^ END OF PRELOAD
2CC3   CD E2 21               CALL   MEMTOP   ;DETERMINE WHERE THE TOP OF MEMORY IS (IN HL)
2CC6   EB                     EX   DE,HL   ;DE <= TOP OF MEMORY, HL <= END OF THE PRELOAD
2CC7   CD A6 38               CALL   HLGEDE   ;CARRY FLAG SET IF HL G.E. DE
2CCA   D1                     POP   DE   ;RESTORE CORRECTED ENDLOAD POINTER
2CCB   DC D9 21               CALL   C,ZER   ;NO ROOM FOR ANY BUFFERS
2CCE   7A                     LD   A,D   
2CCF   0F                     RRCA      
2CD0   E6 7F                  AND   7FH   
2CD2   57                     LD   D,A   ;NUMBER OF PAGES IN REST OF THE PRELOAD
2CD3   3C                     INC   A   
2CD4   32 3A 3D               LD   (ZMEMT),A   ;PAGE NUMBER
2CD7   2A 5A 3D               LD   HL,(ZCODEP)   ;^ START OF ZCODE BUFFER
2CDA   01 00 02               LD   BC,200H   
2CDD   1E 00                  LD   E,0   
2CDF                             ; 
2CDF                             ; LOAD PRELOAD
2CDF                             ; 
2CDF   7A           START2:   LD   A,D   ;A <= PAGES REMAINING TO BE LOADED
2CE0   B7                     OR   A   ;DONE?
2CE1   CA F4 2C               JP   Z,START3   ;  YES.
2CE4   15                     DEC   D   
2CE5   09                     ADD   HL,BC   
2CE6   1C                     INC   E   
2CE7   7B                     LD   A,E   
2CE8   C5                     PUSH   BC   
2CE9   D5                     PUSH   DE   
2CEA   E5                     PUSH   HL   
2CEB   CD 24 22               CALL   GETDSK   
2CEE   E1                     POP   HL   
2CEF   D1                     POP   DE   
2CF0   C1                     POP   BC   
2CF1   C3 DF 2C               JP   START2   
2CF4   2A 5A 3D     START3:   LD   HL,(ZCODEP)   
2CF7   EB                     EX   DE,HL   
2CF8   21 01 00               LD   HL,ZSWAP   
2CFB   19                     ADD   HL,DE   
2CFC   7E                     LD   A,(HL)   
2CFD   E6 01                  AND   1   
2CFF   C4 D9 21               CALL   NZ,ZER   ;SWAPPED
2D02   21 07 00               LD   HL,ZSTART+1   
2D05   19                     ADD   HL,DE   
2D06   7E                     LD   A,(HL)   
2D07   32 27 3D               LD   (ZPCL),A   
2D0A   2B                     DEC   HL   
2D0B   7E                     LD   A,(HL)   
2D0C   E6 01                  AND   1   
2D0E   32 28 3D               LD   (ZPCL+1),A   
2D11   7E                     LD   A,(HL)   
2D12   0F                     RRCA      
2D13   E6 7F                  AND   7FH   
2D15   32 26 3D               LD   (ZPCH),A   
2D18   21 0C 00               LD   HL,ZGLOBA   
2D1B   19                     ADD   HL,DE   ;GET RELATIVE ADDRESS OF GLOBAL TABLE
2D1C   D5                     PUSH   DE   
2D1D   56                     LD   D,(HL)   
2D1E   23                     INC   HL   
2D1F   5E                     LD   E,(HL)   
2D20   EB                     EX   DE,HL   
2D21   D1                     POP   DE   
2D22   19                     ADD   HL,DE   ;REAL ADDRESS OF GLOBAL TABLE
2D23   22 46 3D               LD   (GLOBAL),HL   ;STORE IT
2D26   21 18 00               LD   HL,ZFWORD   
2D29   19                     ADD   HL,DE   ;GET RELATIVE ADDRESS OF FWORDS TABLE
2D2A   D5                     PUSH   DE   
2D2B   56                     LD   D,(HL)   
2D2C   23                     INC   HL   
2D2D   5E                     LD   E,(HL)   
2D2E   EB                     EX   DE,HL   
2D2F   D1                     POP   DE   
2D30   19                     ADD   HL,DE   ;REAL ADDRESS OF FWORDS TABLE
2D31   22 49 3D               LD   (FWORDS),HL   ;STORE IT
2D34   21 04 00               LD   HL,ZENDLD   ;CALCULATE ^ TO BEGINNING OF PAGE BUFFERS
2D37   19                     ADD   HL,DE   
2D38   D5                     PUSH   DE   
2D39   56                     LD   D,(HL)   
2D3A   23                     INC   HL   
2D3B   5E                     LD   E,(HL)   
2D3C   E1                     POP   HL   
2D3D   19                     ADD   HL,DE   
2D3E   23                     INC   HL   
2D3F   22 58 3D               LD   (PGBUFP),HL   ;STORE IT
2D42   2B                     DEC   HL   ;CALCULATE NO. OF AVAILABLE PAGES
2D43   EB                     EX   DE,HL   ;TOP LOCATION
2D44   CD DC 21               CALL   GETTOP   
2D47   7C                     LD   A,H   
2D48   92                     SUB   D   
2D49   0F                     RRCA      
2D4A   E6 7F                  AND   7FH   ;SWAPPING SPACE
2D4C   FE 40                  CP   MAXPGS   
2D4E   DA 53 2D               JP   C,STAR3A   
2D51   3E 40                  LD   A,MAXPGS   
2D53   32 5C 3D     STAR3A:   LD   (NPGS),A   ;SAVE NUMBER OF PAGES
2D56   3D                     DEC   A   
2D57   32 5E 3D               LD   (PGBOT),A   
2D5A   21 28 2B               LD   HL,PGTBLF   
2D5D   CD 89 3A               CALL   HLOFF   
2D60   36 FF                  LD   (HL),0FFH   ;SET LAST PAGE
2D62                             ; 
2D62                             ; INITIALIZE RANDOM NUMBER
2D62                             ; 
2D62   06 05                  LD   B,5   
2D64   21 FF FF               LD   HL,0FFFFH   
2D67   22 2D 3D               LD   (SHIFT),HL   
2D6A   22 2F 3D               LD   (SHIFT+2),HL   
2D6D   21 08 27               LD   HL,RDFLG   ;SET FLAG TO 1ST READ
2D70   36 00                  LD   (HL),0   
2D72   CD 6F 37     START4:   CALL   RND   
2D75   05                     DEC   B   
2D76   C2 72 2D               JP   NZ,START4   
2D79                             ; 
2D79                             ; 
2D79                             ; 
2D79   AF                     XOR   A   
2D7A   32 38 3D               LD   (NOLPT),A   ;USE LPT
2D7D   2A 5A 3D               LD   HL,(ZCODEP)   
2D80   11 01 00               LD   DE,ZSWAP   
2D83   19                     ADD   HL,DE   
2D84   7E                     LD   A,(HL)   
2D85   47                     LD   B,A   
2D86   3A 15 21               LD   A,(BSTLIN)   ;IS THERE A STATUS LINE?
2D89   B7                     OR   A   
2D8A   78                     LD   A,B   
2D8B   C2 90 2D               JP   NZ,START5   
2D8E   F6 10                  OR   ZSTATB   ;INDICATE NO STATUS LINE
2D90   77           START5:   LD   (HL),A   
2D91                             ;	JP MLOOP	;COMMENTED OUT FOR FALL THROUGH
2D91                             ; 
2D91                             ; **********************************************************************
2D91                             ; *                                                                    *
2D91                             ; *            MAINLOOP                                                *
2D91                             ; *                                                                    *
2D91                             ; **********************************************************************
2D91                             ; 
2D91                             ; 
2D91                             ;MAIN LOOP, READ AN INSTRUCTION AND ITS ARGS, THEN DISPATCH
2D91   AF           MLOOP:    XOR   A   
2D92   32 44 3D               LD   (ARGCNT),A   ;ZERO ARG COUNT
2D95   CD DB 38               CALL   NEXTPC   ;GET NEXT OPCODE IN A
2D98   32 45 3D               LD   (OPCODE),A   ;SAVE IT
2D9B   FE 80                  CP   128   
2D9D   DA 37 2E               JP   C,OP2   ;2-OP
2DA0   FE B0                  CP   176   
2DA2   DA 0E 2E               JP   C,OP1   ;1-OP
2DA5   FE C0                  CP   192   
2DA7   DA 01 2E               JP   C,OP0   ;0-OP
2DAA                             ; 
2DAA                             ; HANDLE AN X-OP
2DAA                             ; 
2DAA   CD DB 38     OPEXT:    CALL   NEXTPC   ;GET VAR TYPES, THIS IS AN EXT OP
2DAD   11 3C 3D               LD   DE,ARG1   
2DB0   06 04                  LD   B,4   ;MAX NUMBER OF ARGS
2DB2   4F                     LD   C,A   
2DB3   C5           OPEXTL:   PUSH   BC   
2DB4   D5                     PUSH   DE   
2DB5   79                     LD   A,C   
2DB6   E6 C0                  AND   0C0H   ;ISOLATE BIT7, 0BIT6 TO DETERMINE ARG TYPE
2DB8   CC 6E 2E               CALL   Z,GETLNG   ;00=LONG IMMEDIATE
2DBB   FE 80                  CP   80H   
2DBD   CC 7B 2E               CALL   Z,GETVAR   ;10=VARIABLE
2DC0   FE 40                  CP   40H   
2DC2   CC 65 2E               CALL   Z,GETSHT   ;01=SHORT IMMEDIATE
2DC5   D1                     POP   DE   
2DC6   C1                     POP   BC   
2DC7   FE C0                  CP   0C0H   ;11=NO MORE VARIABLES
2DC9   CA DE 2D               JP   Z,OPEXTF   ;ALL DONE?
2DCC   EB                     EX   DE,HL   ;NO.  STORE VALUE
2DCD   73                     LD   (HL),E   
2DCE   23                     INC   HL   
2DCF   72                     LD   (HL),D   
2DD0   23                     INC   HL   
2DD1   EB                     EX   DE,HL   ;POINTER BACK IN DE
2DD2   21 44 3D               LD   HL,ARGCNT   
2DD5   34                     INC   (HL)   ;ONE MORE ARG
2DD6   79                     LD   A,C   
2DD7   07                     RLCA      
2DD8   07                     RLCA      ;GET TO NEXT ARG TYPE
2DD9   4F                     LD   C,A   
2DDA   05                     DEC   B   ;DECREMENT ARG COUNT
2DDB   C2 B3 2D               JP   NZ,OPEXTL   ;LOOP FOR MORE
2DDE                             ; 
2DDE                             ; DISPATCH THE X-OP
2DDE                             ; 
2DDE   21 E3 2F     OPEXTF:   LD   HL,OPEXTT   ;COMPUTE DISPATCH POINTER
2DE1   3A 45 3D               LD   A,(OPCODE)   ;RETRIEVE THE OPCODE
2DE4   FE E0                  CP   224   ;IS IT AN EXTENDED 2-OP?
2DE6   DA 58 2E               JP   C,OP2EX   ;  YES.
2DE9   D6 E0                  SUB   224   ;  NO.
2DEB   FE 0A                  CP   OPEXTM   ;IS IT A LEGAL X-OP?
2DED   D2 40 31               JP   NC,BADOP   ;  NO.
2DF0                             ; 
2DF0                             ; GENERALIZED DISPATCH
2DF0                             ; 
2DF0                OPDSPH:      
2DF0   87                     ADD   A,A   ;FORM A WORD OFFSET (*2)
2DF1   4F                     LD   C,A   ;PUT OFFSET INTO BC
2DF2   06 00                  LD   B,0   
2DF4   09                     ADD   HL,BC   ;ADD OFFSET TO DISPATCH POINTER
2DF5   5E                     LD   E,(HL)   ;ADDRESS LSB
2DF6   23                     INC   HL   
2DF7   56                     LD   D,(HL)   ;ADDRESS MSB
2DF8   2A 3C 3D               LD   HL,(ARG1)   ;FIRST ARG
2DFB   EB                     EX   DE,HL   ;HL ^ TABLE ADDRESS OF ROUTINE
2DFC                             ;			 DE <= FIRST ARG
2DFC   3A 44 3D               LD   A,(ARGCNT)   ;B <= ARG COUNT
2DFF   47                     LD   B,A   
2E00   E9                     JP   (HL)   ;GO TO IT
2E01                             ; 
2E01                             ; HANDLE A 0-OP
2E01                             ; 
2E01   D6 B0        OP0:      SUB   176   ;ADJUST VALUE
2E03   FE 0E                  CP   OP0M   ;IS IT A LEGAL 0-OP?
2E05   D2 40 31               JP   NC,BADOP   ;  NO.
2E08   21 75 2F               LD   HL,OP0T   ;  YES.  HL ^ 0-OP TABLE
2E0B   C3 F0 2D               JP   OPDSPH   ;DISPATCH IT
2E0E                             ; 
2E0E                             ; HANDLE A 1-OP
2E0E                             ; 
2E0E   E6 30        OP1:      AND   30H   ;1 OP, ISOLATE BITS 5,4
2E10   CC 6E 2E               CALL   Z,GETLNG   ;00=LONG IMMEDIATE
2E13   FE 10                  CP   10H   
2E15   CC 65 2E               CALL   Z,GETSHT   ;01=SHORT IMMEDIATE
2E18   FE 20                  CP   20H   
2E1A   CC 7B 2E               CALL   Z,GETVAR   ;10=VARIABLE
2E1D   3E 01                  LD   A,1   
2E1F   32 44 3D               LD   (ARGCNT),A   ;1 ARG
2E22   22 3C 3D               LD   (ARG1),HL   ;STORE IT
2E25   3A 45 3D               LD   A,(OPCODE)   ;RESTORE OPCODE
2E28   E6 CF                  AND   0CFH   ;(NOT 30H) TURN OFF MODE BITS
2E2A   D6 80                  SUB   128   ;ADJUST VALUE
2E2C   FE 10                  CP   OP1M   ;LEGAL 1-OP?
2E2E   D2 40 31               JP   NC,BADOP   ;  NO.
2E31   21 91 2F               LD   HL,OP1T   ;  YES.  HL ^ 1-OP TABLE
2E34   C3 F0 2D               JP   OPDSPH   ;DISPATCH IT
2E37                             ; 
2E37                             ; HANDLE A 2-OP
2E37                             ; 
2E37   E6 40        OP2:      AND   40H   ;ISOLATE 1ST. ARG BIT
2E39   C4 7B 2E               CALL   NZ,GETVAR   ;1=VARIABLE
2E3C   CC 65 2E               CALL   Z,GETSHT   ;0=SHORT IMMEDIATE
2E3F   22 3C 3D               LD   (ARG1),HL   ;STORE ARG1
2E42   3A 45 3D               LD   A,(OPCODE)   ;RESTORE OPCODE
2E45   E6 20                  AND   20H   ;ISOLATE 2ND. ARG BIT
2E47   C4 7B 2E               CALL   NZ,GETVAR   ;1=VARIABLE
2E4A   CC 65 2E               CALL   Z,GETSHT   ;2=SHORT IMMEDIATE
2E4D   22 3E 3D               LD   (ARG2),HL   ;STORE ARG 2
2E50   3E 02                  LD   A,2   
2E52   32 44 3D               LD   (ARGCNT),A   ;TWO ARGS
2E55   3A 45 3D               LD   A,(OPCODE)   ;RESTORE OPCODE
2E58   E6 1F        OP2EX:    AND   1FH   ;(NOT 0E0H) TURN OFF MODE BITS
2E5A   FE 19                  CP   OP2M   ;LEGAL 2-OP?
2E5C   D2 40 31               JP   NC,BADOP   ;  NO.
2E5F   21 B1 2F               LD   HL,OP2T   ;  YES.  HL ^ 2-OP TABLE
2E62   C3 F0 2D               JP   OPDSPH   ;DISPATCH IT
2E65                             ; 
2E65                             ;*************************************
2E65                             ;* OPCODE ARGUMENT FETCH SUBROUTINES *
2E65                             ;*************************************
2E65                             ; 
2E65                             ; -----------------------
2E65                             ; FETCH A SHORT IMMEDIATE
2E65                             ; -----------------------
2E65   F5           GETSHT:   PUSH   AF   ;SAVE OPCODE
2E66   CD DB 38               CALL   NEXTPC   ;GET NEXT ZBYTE
2E69   6F                     LD   L,A   ;MAKING IT THE LSB OF ARGUMENT
2E6A   26 00                  LD   H,0   ;MSB IS 0
2E6C   F1                     POP   AF   ;RESTORE OPCODE
2E6D   C9                     RET      
2E6E                             ; ----------------------
2E6E                             ; FETCH A LONG IMMEDIATE
2E6E                             ; ----------------------
2E6E   F5           GETLNG:   PUSH   AF   ;SAVE OPCODE
2E6F   CD DB 38               CALL   NEXTPC   ;GET NEXT ZBYTE
2E72   67                     LD   H,A   ;MAKING IT THE MSB OF ARGUMENT
2E73   E5                     PUSH   HL   ;SAVE IT ON THE STACK
2E74   CD DB 38               CALL   NEXTPC   ;GET NEXT ZBYTE
2E77   E1                     POP   HL   ;RESTORE MSB OF ARGUMENT
2E78   6F                     LD   L,A   ;AND FILL IN LSB OF ARGUMENT
2E79   F1                     POP   AF   ;RESTORE OPCODE
2E7A   C9                     RET      
2E7B                             ; ----------------
2E7B                             ; FETCH A VARIABLE
2E7B                             ; ----------------
2E7B   F5           GETVAR:   PUSH   AF   ;GET VAR, 0FIRST FIND TYPE
2E7C   CD DB 38               CALL   NEXTPC   
2E7F   B7                     OR   A   
2E80   CA A3 2E               JP   Z,GETVRS   ;FROM STACK
2E83   FE 10        GETVR1:   CP   16   
2E85   D2 97 2E               JP   NC,GETVRG   ;GLOBAL
2E88   3D           GETVRL:   DEC   A   ;LOCAL
2E89   87                     ADD   A,A   
2E8A   5F                     LD   E,A   
2E8B   16 00                  LD   D,0   
2E8D   21 08 3D               LD   HL,LOCALS   
2E90   19           GETVL1:   ADD   HL,DE   ;POINTER TO VARIABLE
2E91   56                     LD   D,(HL)   
2E92   23                     INC   HL   
2E93   5E                     LD   E,(HL)   
2E94   EB                     EX   DE,HL   ;RETURN VALUE IN HL
2E95   F1                     POP   AF   
2E96   C9                     RET      
2E97                             ; 
2E97   D6 10        GETVRG:   SUB   16   
2E99   5F                     LD   E,A   ;GET GLOBAL
2E9A   16 00                  LD   D,0   
2E9C   2A 46 3D               LD   HL,(GLOBAL)   
2E9F   19                     ADD   HL,DE   ;PRE ADD SO IT GETS DONE TWICE
2EA0   C3 90 2E               JP   GETVL1   
2EA3                             ; 
2EA3   CD C6 38     GETVRS:   CALL   POPSTK   ;VAR FROM STACK
2EA6   F1                     POP   AF   
2EA7   C9                     RET      
2EA8                             ; 
2EA8                             ;*********************
2EA8                             ;* MISC. SUBROUTINES *
2EA8                             ;*********************
2EA8   AF           RET0:     XOR   A   ;RETURN 0
2EA9   6F           PUTBYT:   LD   L,A   
2EAA   26 00                  LD   H,0   
2EAC   CD B2 2E     PUTVAL:   CALL   PUTVLC   ;STORE VALUE
2EAF   C3 91 2D               JP   MLOOP   
2EB2                             ; 
2EB2   E5           PUTVLC:   PUSH   HL   ;SAVE VALUE
2EB3   CD DB 38               CALL   NEXTPC   ;GET TYPE
2EB6   E1                     POP   HL   
2EB7   B7           PUTVR1:   OR   A   
2EB8   CA AD 38               JP   Z,PSHSTK   ;SAVE ON STACK AND RETURN
2EBB   EB                     EX   DE,HL   ;VALUE IN DE
2EBC   FE 10                  CP   16   
2EBE   D2 CE 2E               JP   NC,PUTVLG   ;GLOBAL
2EC1   3D           PUTVLL:   DEC   A   ;LOCAL
2EC2   87                     ADD   A,A   
2EC3   4F                     LD   C,A   
2EC4   06 00                  LD   B,0   
2EC6   21 08 3D               LD   HL,LOCALS   
2EC9   09           PUTVL1:   ADD   HL,BC   ;COMPUTE ADDRESS
2ECA   72                     LD   (HL),D   
2ECB   23                     INC   HL   
2ECC   73                     LD   (HL),E   
2ECD   C9                     RET      
2ECE                             ; 
2ECE   D6 10        PUTVLG:   SUB   16   
2ED0   4F                     LD   C,A   ;STORE GLOBAL
2ED1   06 00                  LD   B,0   
2ED3   2A 46 3D               LD   HL,(GLOBAL)   ;GLOBAL POINTER
2ED6   09                     ADD   HL,BC   ;PRE ADD
2ED7   C3 C9 2E               JP   PUTVL1   
2EDA                             ; 
2EDA                             ;*********************
2EDA                             ;* DATA MANIPULATION *
2EDA                             ;*********************
2EDA                             ; 
2EDA                             ; -----------------
2EDA                             ; RECALL A VARIABLE
2EDA                             ; -----------------
2EDA   F5           VARGET:   PUSH   AF   ;SAVE OPCODE
2EDB   B7                     OR   A   ;IF NON-ZERO
2EDC   C2 83 2E               JP   NZ,GETVR1   ; THEN GET A VARIABLE FROM LOCAL OR GLOBAL TABLE
2EDF                             ;			 ELSE TAKE VAR OFF STACK
2EDF   F1           VARGTS:   POP   AF   ;RESTORE OPCODE
2EE0   CD C6 38               CALL   POPSTK   ;POP A WORD FROM ZSTACK
2EE3   C3 AD 38               JP   PSHSTK   ;PUT IT BACK AND RETURN THE VALUE IN HL
2EE6                             ; ----------------
2EE6                             ; STORE A VARIABLE
2EE6                             ; ----------------
2EE6   B7           VARPUT:   OR   A   ;IF NON-ZERO
2EE7   C2 B7 2E               JP   NZ,PUTVR1   ;  THEN PUT A VARIABLE IN LOCAL OR GLOBAL TABLE
2EEA                             ;			 ELSE REPLACE A WORD ON Z-STACK
2EEA   E5           VARPTS:   PUSH   HL   ;SAVE NEW VALUE
2EEB   CD C6 38               CALL   POPSTK   ;POP OLD WORD OFF Z-STACK
2EEE   E1                     POP   HL   ;RESTORE NEW VALUE
2EEF   C3 AD 38               JP   PSHSTK   ;AND PUSH IT ON TOP OF ZSTACK
2EF2                             ; 
2EF2                             ;************************
2EF2                             ;* PREDICATE PROCESSING *
2EF2                             ;************************
2EF2                             ; 
2EF2                             ; ---------------
2EF2                             ; PREDICATE FAILS
2EF2                             ; ---------------
2EF2   CD DB 38     PREDF:    CALL   NEXTPC   ;FETCH NEXT BYTE OF ZCODE
2EF5   B7                     OR   A   
2EF6   F2 08 2F               JP   P,PREDB   ;BRANCH IF < 128
2EF9   E6 40        PREDNB:   AND   40H   ;CHECK FOR MULTI BYTE HACK
2EFB   CC DB 38               CALL   Z,NEXTPC   ;GET NEXT BYTE IF SO
2EFE   C3 91 2D               JP   MLOOP   ;CONTINUE IN SEQUENCE
2F01                             ; ------------------
2F01                             ; PREDICATE SUCCEEDS
2F01                             ; ------------------
2F01   CD DB 38     PREDS:    CALL   NEXTPC   ;FETCH NEXT BYTE OF ZCODE
2F04   B7                     OR   A   ;IF BIT 7 IS NOT SET
2F05   F2 F9 2E               JP   P,PREDNB   ;BRANCH ON PREDICATE FAILURE
2F08                             ;			 ELSE FALL THROUGH TO PREDB
2F08                             ; ----------------
2F08                             ; PERFORM A BRANCH
2F08                             ; ----------------
2F08   47           PREDB:    LD   B,A   ;SAVE OPCODE
2F09   E6 40                  AND   40H   ;LONG BRANCH?
2F0B   CA 17 2F               JP   Z,PREDLB   ;  YES. (BIT 6 WAS OFF)
2F0E                             ;			   NO. SHORT BRANCH
2F0E   78                     LD   A,B   ;RESTORE OPCODE
2F0F   E6 3F                  AND   3FH   ;FORM SHORT OFFSET
2F11   4F                     LD   C,A   ;USE AS LSB OF BRANCH OFFSET
2F12   06 00                  LD   B,0   ;ZERO MSB OF OFFSET
2F14   C3 2B 2F               JP   PREDB1   ;SIMULATE LONG BRANCH TO A CLOSE PLACE
2F17                             ; 
2F17                             ; HANDLE A LONG BRANCH
2F17   78           PREDLB:   LD   A,B   ;RESTORE OPCODE
2F18   E6 3F                  AND   3FH   ;FORM MSB OF OFFSET
2F1A   47                     LD   B,A   ;B <= MSB OF OFFSET
2F1B   C5                     PUSH   BC   
2F1C   CD DB 38               CALL   NEXTPC   ;GET SECOND BYTE
2F1F   C1                     POP   BC   
2F20   4F                     LD   C,A   ;C <= LSB OF OFFSET
2F21   78                     LD   A,B   ;A <= MSB OF OFFSET
2F22   E6 20                  AND   20H   ;CHECK SIGN OF 14 BIT VALUE
2F24   CA 2B 2F               JP   Z,PREDB1   ;POSITIVE
2F27   78                     LD   A,B   ;ELSE EXTEND THE SIGN (A <= MSB)
2F28   F6 C0                  OR   0C0H   ;AND MAKE THE FULL WORD NEG
2F2A   47                     LD   B,A   ;SAVE THE RESULT IN B
2F2B                             ; 
2F2B                             ; BRANCH TO THE Z-ADDRESS AT $(ZPC) + OFFSET (IN BC)
2F2B                             ; (ZPC  RELATIVE ADDRESSING)
2F2B   78           PREDB1:   LD   A,B   
2F2C   B1                     OR   C   ;IS OFFSET=0?
2F2D   CA 00 30               JP   Z,RFALSE   ;  YES.  DO AN RFALSE
2F30   0B                     DEC   BC   
2F31   78                     LD   A,B   
2F32   B1                     OR   C   ;WAS OFFSET=1
2F33   CA F7 2F               JP   Z,RTRUE   ;  YES.  DO AN RTRUE
2F36   0B           PREDB3:   DEC   BC   ;2 NOW SUBTRACTED FROM JUMP ADDRESS
2F37   60                     LD   H,B   ;HL <= JUMP ADDRESS
2F38   69                     LD   L,C   
2F39   22 4B 3D               LD   (ZPCOFF),HL   ;ZPCOFF <= JUMP ADDRESS
2F3C   2A 27 3D               LD   HL,(ZPCL)   ;HL <= LOW ORDER 9 BITS OF ZIP PROGRAM COUNTER
2F3F   59                     LD   E,C   ;E <= LSB OF JUMP ADDRESS
2F40   78                     LD   A,B   ;A <= MSB OF JUMP ADDRESS
2F41   E6 01                  AND   1   
2F43   57                     LD   D,A   ;ZPCL ADDER
2F44   78                     LD   A,B   ;ARITHMETICALLY SHIFT B RIGHT 1
2F45   07                     RLCA      ;FIRST SET CARRY
2F46   78                     LD   A,B   
2F47   1F                     RRA      
2F48   47                     LD   B,A   ;CUTE
2F49   19                     ADD   HL,DE   
2F4A   7C                     LD   A,H   
2F4B   E6 02                  AND   2   
2F4D   CA 53 2F               JP   Z,PREDB2   ;NO OVERFLOW
2F50   25                     DEC   H   
2F51   25                     DEC   H   ;OVERFLOW
2F52   04                     INC   B   
2F53   22 27 3D     PREDB2:   LD   (ZPCL),HL   ;STORE LOW BYTES
2F56   21 26 3D               LD   HL,ZPCH   ;MODIFY UPPER
2F59   78                     LD   A,B   
2F5A   B7                     OR   A   
2F5B   CA 67 2F               JP   Z,PREDB4   ;NO CHANGE IN PACE, 0DO FASTER JUMP
2F5E   86                     ADD   A,(HL)   
2F5F   77                     LD   (HL),A   
2F60   AF                     XOR   A   
2F61   32 4F 3D               LD   (ZPCFLG),A   ;CHANGED PAGES
2F64   C3 91 2D               JP   MLOOP   ;FINISHED
2F67                             ; 
2F67   2A 4D 3D     PREDB4:   LD   HL,(ZPCPNT)   
2F6A   EB                     EX   DE,HL   
2F6B   2A 4B 3D               LD   HL,(ZPCOFF)   
2F6E   19                     ADD   HL,DE   ;CALCULATE NEW PC POINTER
2F6F   22 4D 3D               LD   (ZPCPNT),HL   
2F72   C3 91 2D               JP   MLOOP   
2F75                             ; 
2F75                             ; **********************************************************************
2F75                             ; *                                                                    *
2F75                             ; *            OPCODE PROCESSING SECTION                               *
2F75                             ; *                                                                    *
2F75                             ; **********************************************************************
2F75                             ; 
2F75                             ; ****************************
2F75                             ; *      DISPATCH TABLES     *
2F75                             ; ****************************
2F75                             ; 
2F75                             ; -----
2F75                             ; 0-OPS
2F75                             ; -----
2F75   F7 2F        OP0T:     DW   RTRUE   ;0
2F77   00 30                  DW   RFALSE   ;1
2F79   06 30                  DW   PRINTI   ;2
2F7B   38 30                  DW   PRINTR   ;3
2F7D   41 30                  DW   ZNOP   ;4
2F7F   44 30                  DW   ZSAVE   ;5
2F81   47 30                  DW   ZRSTOR   ;6
2F83   4A 30                  DW   ZRSTAR   ;7
2F85   4D 30                  DW   RSTACK   ;8
2F87   56 30                  DW   FSTACK   ;9
2F89   5C 30                  DW   ZQUIT   ;10
2F8B   5F 30                  DW   CRLF   ;11
2F8D   65 30                  DW   USL   ;12
2F8F   6B 30                  DW   VERIFY   ;13
2F91                OP0M:     EQU   ($-OP0T)/2   ;NUMBER OF 0-OPS
2F91                             ; 
2F91                             ; -----
2F91                             ; 1-OPS
2F91                             ; -----
2F91   C3 30        OP1T:     DW   ZEROQ   ;0
2F93   CE 30                  DW   NEXTQ   ;1
2F95   DA 30                  DW   FIRSTQ   ;2
2F97   F4 30                  DW   LOC   ;3
2F99   04 31                  DW   PTSIZE   ;4
2F9B   14 31                  DW   INC   ;5
2F9D   1A 31                  DW   DEC   ;6
2F9F   37 31                  DW   PRINTB   ;7
2FA1   40 31                  DW   BADOP   ;8 (UNDEFINED)
2FA3   43 31                  DW   REMOVE   ;9
2FA5   99 31                  DW   PRINTD   ;10
2FA7   B4 31                  DW   RETURN   ;11
2FA9   FF 31                  DW   JUMP   ;12
2FAB   08 32                  DW   PRINT   ;13
2FAD   14 32                  DW   VALUE   ;14
2FAF   1D 32                  DW   BCOM   ;15
2FB1                OP1M:     EQU   ($-OP1T)/2   ;NUMBER OF 1-OPS
2FB1                             ; 
2FB1                             ; -----
2FB1                             ; 2-OPS
2FB1                             ; -----
2FB1   40 31        OP2T:     DW   BADOP   
2FB3   43 34                  DW   EQUALQ   
2FB5   29 32                  DW   LESSQ   
2FB7   36 32                  DW   GRTRQ   
2FB9   42 32                  DW   DLESSQ   
2FBB   4D 32                  DW   IGRTRQ   
2FBD   5D 32                  DW   INQ   
2FBF   71 32                  DW   BTST   
2FC1   83 32                  DW   BOR   
2FC3   8F 32                  DW   BAND   
2FC5   9B 32                  DW   FSETQ   
2FC7   AA 32                  DW   FSET   
2FC9   B7 32                  DW   FCLEAR   
2FCB   C6 32                  DW   ZSET   
2FCD   D2 32                  DW   MOVE   
2FCF   FE 32                  DW   GET   
2FD1   10 33                  DW   GETB   
2FD3   24 33                  DW   GETP   
2FD5   70 33                  DW   GETPT   
2FD7   95 33                  DW   NEXTP   
2FD9   BF 33                  DW   ZADD   
2FDB   C6 33                  DW   ZSUB   
2FDD   D2 33                  DW   MUL   
2FDF   FE 33                  DW   DIV   
2FE1   35 34                  DW   ZMOD   
2FE3                OP2M:     EQU   ($-OP2T)/2   
2FE3                             ; 
2FE3                             ; -----
2FE3                             ; X-OPS
2FE3                             ; -----
2FE3   70 34        OPEXTT:   DW   ZCALL   
2FE5   FC 34                  DW   PUT   
2FE7   15 35                  DW   PUTB   
2FE9   29 35                  DW   PUTP   
2FEB   5B 35                  DW   ZREAD   
2FED   05 37                  DW   PRINTC   
2FEF   0F 37                  DW   PRINTN   
2FF1   4E 37                  DW   RANDOM   
2FF3   5D 37                  DW   ZPUSH   
2FF5   66 37                  DW   ZPOP   
2FF7                OPEXTM:   EQU   ($-OPEXTT)/2   
2FF7                             ; **********************************************************************
2FF7                             ; *                                                                    *
2FF7                             ; *                   ZCODE EXECUTION ROUTINES                         *
2FF7                             ; *                                                                    *
2FF7                             ; **********************************************************************
2FF7                             ; 
2FF7                             ; *******************
2FF7                             ; *      0-OPS      *
2FF7                             ; *******************
2FF7                             ; 
2FF7                             ; 
2FF7                             ; ----------
2FF7                             ; RTRUE [0]
2FF7                             ; ----------
2FF7                             ; SIMULATE A RETURN 1
2FF7   21 01 00     RTRUE:    LD   HL,1   
2FFA   22 3C 3D     RTRUE1:   LD   (ARG1),HL   
2FFD   C3 B4 31               JP   RETURN   
3000                             ; 
3000                             ; -----------
3000                             ; RFALSE [1]
3000                             ; -----------
3000                             ; SIMULATE A RETURN 0
3000   21 00 00     RFALSE:   LD   HL,0   
3003   C3 FA 2F               JP   RTRUE1   
3006                             ; 
3006                             ; -----------
3006                             ; PRINTI [2]
3006                             ; -----------
3006                             ; PRINT THE Z-STRING IMMEDIATELY FOLLOWING THE OPCODE
3006   CD 0C 30     PRINTI:   CALL   PRNTI1   
3009   C3 91 2D               JP   MLOOP   
300C                             ; 
300C   2A 27 3D     PRNTI1:   LD   HL,(ZPCL)   
300F   22 52 3D               LD   (MPCL),HL   ;SET UP MPC TO EQUAL ZPC
3012   3A 26 3D               LD   A,(ZPCH)   
3015   32 51 3D               LD   (MPCH),A   
3018   AF                     XOR   A   
3019   32 56 3D               LD   (MPCFLG),A   ;ZERO MPC FLAG
301C   CD AA 3A               CALL   PZSTR   ;PRINT THE STRING
301F   2A 52 3D               LD   HL,(MPCL)   ;NOW CHANGE BACK ZPC TO END OF STRING
3022   22 27 3D               LD   (ZPCL),HL   
3025   3A 51 3D               LD   A,(MPCH)   
3028   32 26 3D               LD   (ZPCH),A   
302B   3A 56 3D               LD   A,(MPCFLG)   
302E   32 4F 3D               LD   (ZPCFLG),A   ;UPDATE FLAG
3031   2A 54 3D               LD   HL,(MPCPNT)   
3034   22 4D 3D               LD   (ZPCPNT),HL   ;AND PAGE POINTER
3037   C9                     RET      
3038                             ; 
3038                             ; -----------
3038                             ; PRINTR [3]
3038                             ; -----------
3038                             ; EXECUTE A PRINTI, 0FOLLOWED BY A CRLF, 0AND A RTRUE
3038   CD 0C 30     PRINTR:   CALL   PRNTI1   
303B   CD F8 23               CALL   PCRLF   
303E   C3 F7 2F               JP   RTRUE   
3041                             ; 
3041                             ; ---------
3041                             ; ZNOP [4]
3041                             ; ---------
3041                             ; EXECUTE A NOP
3041   C3 91 2D     ZNOP:     JP   MLOOP   
3044                             ; 
3044                             ; ----------
3044                             ; ZSAVE [5]
3044                             ; ----------
3044                             ; SAVE GAME
3044   C3 5C 26     ZSAVE:    JP   SAVE   ;MACHINE DEPENDENT
3047                             ; 
3047                             ; -----------
3047                             ; ZRSTOR [6]
3047                             ; -----------
3047                             ; RESTORE SAVED GAME
3047   C3 C5 26     ZRSTOR:   JP   RESTOR   ;MACHINE DEPENDENT
304A                             ; 
304A                             ; -----------
304A                             ; ZRSTAR [7]
304A                             ; -----------
304A                             ; RESTART GAME
304A   C3 53 26     ZRSTAR:   JP   RESTAR   ;MACHINE DEPENDENT
304D                             ; 
304D                             ; -----------
304D                             ; RSTACK [8]
304D                             ; -----------
304D                             ; EXECUTE A RETURN WITH CALL VALUE ON TOP OF THE STACK
304D   CD C6 38     RSTACK:   CALL   POPSTK   
3050   22 3C 3D               LD   (ARG1),HL   
3053   C3 B4 31               JP   RETURN   
3056                             ; 
3056                             ; -----------
3056                             ; FSTACK [9]
3056                             ; -----------
3056   CD C6 38     FSTACK:   CALL   POPSTK   
3059   C3 91 2D               JP   MLOOP   
305C                             ; 
305C                             ; -----------
305C                             ; ZQUIT [10]
305C                             ; -----------
305C   C3 4C 26     ZQUIT:    JP   QUIT   ;MACHINE DEPENDENT
305F                             ; 
305F                             ; ----------
305F                             ; CRLF [11]
305F                             ; ----------
305F                             ; PRINT CARRIAGE RETURN/LINE FEED
305F   CD F8 23     CRLF:     CALL   PCRLF   
3062   C3 91 2D               JP   MLOOP   
3065                             ; 
3065                             ; ---------
3065                             ; USL [12]
3065                             ; ---------
3065                             ; UPDATE STATUS LINE
3065   CD CA 24     USL:      CALL   WHOLIN   
3068   C3 91 2D               JP   MLOOP   
306B                             ; 
306B                             ; ------------
306B                             ; VERIFY [13]
306B                             ; ------------
306B                             ; VERIFY THE GAME CODE
306B   3E 01        VERIFY:   LD   A,1   ;SELF CHECK
306D   32 39 3D               LD   (VERF),A   ;IN VERIFY MODE, 0ALWAYS GET NEW PAGE
3070   21 A8 2B               LD   HL,VRS   
3073   CD A0 26               CALL   MSGOUT   ;OUTPUT LAST UPDATE
3076   21 B9 2B               LD   HL,VRLINE   
3079   CD A0 26               CALL   MSGOUT   ;OUTPUT VERSION
307C   2A 5A 3D               LD   HL,(ZCODEP)   ;^ TOP OF ZCODE
307F   11 1A 00               LD   DE,ZCKLEN   
3082   19                     ADD   HL,DE   
3083   56                     LD   D,(HL)   
3084   23                     INC   HL   
3085   5E                     LD   E,(HL)   
3086   21 E0 FF               LD   HL,-32   
3089   19                     ADD   HL,DE   
308A   EB                     EX   DE,HL   ;DE HAVE COUNT
308B   01 00 00               LD   BC,0   ;SUM IN BC
308E   21 40 00               LD   HL,32*2   
3091   CD 65 39               CALL   SETWRD   
3094   C5           VERIFL:   PUSH   BC   
3095   D5                     PUSH   DE   
3096   CD A6 39               CALL   GETWRD   ;GUARENTEED TO GET FRESH WORD
3099   D1                     POP   DE   
309A   C1                     POP   BC   
309B   7C                     LD   A,H   
309C   26 00                  LD   H,0   
309E   09                     ADD   HL,BC   
309F   CD 89 3A               CALL   HLOFF   
30A2   44                     LD   B,H   
30A3   4D                     LD   C,L   ;TOTAL IN BC
30A4   1B                     DEC   DE   
30A5   7A                     LD   A,D   
30A6   B3                     OR   E   
30A7   C2 94 30               JP   NZ,VERIFL   ;SUM ALL BYTES
30AA   11 1C 00               LD   DE,ZCKSUM   
30AD   2A 5A 3D               LD   HL,(ZCODEP)   
30B0   19                     ADD   HL,DE   
30B1   56                     LD   D,(HL)   
30B2   23                     INC   HL   
30B3   5E                     LD   E,(HL)   ;GET CHECKSUM
30B4   60                     LD   H,B   
30B5   69                     LD   L,C   
30B6   AF                     XOR   A   
30B7   32 39 3D               LD   (VERF),A   
30BA   CD A6 38               CALL   HLGEDE   ;COMPARE CALCULATED WITH ACTUAL
30BD   CA 01 2F               JP   Z,PREDS   
30C0   C3 F2 2E               JP   PREDF   ;FAIL IF DIFFERENT
30C3                             ; 
30C3                             ; *******************
30C3                             ; *      1-OPS      *
30C3                             ; *******************
30C3                             ; 
30C3                             ; ----------
30C3                             ; ZERO? [0]
30C3                             ; ----------
30C3                             ; IS ARG1 EQUAL TO ZERO? [PRED]
30C3   2A 3C 3D     ZEROQ:    LD   HL,(ARG1)   
30C6   7C                     LD   A,H   
30C7   B5                     OR   L   
30C8   CA 01 2F               JP   Z,PREDS   
30CB   C3 F2 2E               JP   PREDF   
30CE                             ; 
30CE                             ; ----------
30CE                             ; NEXT? [1]
30CE                             ; ----------
30CE                             ; RETURN THE NEXT POINTER IN OBJRCT "ARG1"; FAIL IF
30CE                             ; NONE LEFT, 0AND RETURN ZERO [VALUE][PRED]
30CE   3A 3C 3D     NEXTQ:    LD   A,(ARG1)   
30D1   CD 75 38               CALL   OBJLOC   
30D4   11 05 00               LD   DE,5   
30D7   C3 E3 30               JP   FRSTQ1   ;SAME AS FIRST?
30DA                             ; 
30DA                             ; -----------
30DA                             ; FIRST? [2]
30DA                             ; -----------
30DA                             ; RETURN THE FIRST POINTER IN OBJECT "ARG1"; FAIL IF
30DA                             ; NONE, 0AND RETURN ZERO [VALUE][PRED]
30DA                             ; 
30DA   3A 3C 3D     FIRSTQ:   LD   A,(ARG1)   
30DD   CD 75 38               CALL   OBJLOC   
30E0   11 06 00               LD   DE,6   
30E3   19           FRSTQ1:   ADD   HL,DE   
30E4   7E                     LD   A,(HL)   
30E5   F5                     PUSH   AF   ;SAVE VALUE
30E6   6F                     LD   L,A   
30E7   26 00                  LD   H,0   
30E9   CD B2 2E               CALL   PUTVLC   ;STORE VALUE
30EC   F1                     POP   AF   
30ED   B7                     OR   A   
30EE   C2 01 2F               JP   NZ,PREDS   ;FOUND FIRST
30F1   C3 F2 2E               JP   PREDF   ;FIRST NOT FOUND
30F4                             ; 
30F4                             ; --------
30F4                             ; LOC [3]
30F4                             ; --------
30F4                             ; RETURN THE OBJECT CONTAINING OBJECT "ARG1"; ZERO IF NONE [VALUE]
30F4   3A 3C 3D     LOC:      LD   A,(ARG1)   
30F7   CD 75 38               CALL   OBJLOC   
30FA   11 04 00               LD   DE,4   
30FD   19                     ADD   HL,DE   
30FE   6E                     LD   L,(HL)   
30FF   26 00                  LD   H,0   
3101   C3 AC 2E               JP   PUTVAL   
3104                             ; 
3104                             ; -----------
3104                             ; PTSIZE [4]
3104                             ; -----------
3104                             ; RETURN LENGTH OF PROP TABLE "ARG1" IN BYTES [VALUE]
3104   2A 3C 3D     PTSIZE:   LD   HL,(ARG1)   
3107   EB                     EX   DE,HL   
3108   2A 5A 3D               LD   HL,(ZCODEP)   
310B   19                     ADD   HL,DE   ;POINTER TO PROP ENTRY
310C   2B                     DEC   HL   
310D   CD 66 38               CALL   PROPL   
3110   3C                     INC   A   
3111   C3 A9 2E               JP   PUTBYT   
3114                             ; 
3114                             ; --------
3114                             ; INC [5]
3114                             ; --------
3114                             ; INCREMENT ARG1 [VALUE]
3114   CD 20 31     INC:      CALL   INC1   
3117   C3 91 2D               JP   MLOOP   
311A                             ; 
311A                             ; --------
311A                             ; DEC [6]
311A                             ; --------
311A                             ; DECREMENT ARG1 [VALUE]
311A   CD 2D 31     DEC:      CALL   DEC1   
311D   C3 91 2D               JP   MLOOP   
3120                             ; 
3120   3A 3C 3D     INC1:     LD   A,(ARG1)   
3123   CD DA 2E               CALL   VARGET   
3126   23                     INC   HL   
3127   E5           INC2:     PUSH   HL   
3128   CD E6 2E               CALL   VARPUT   
312B   E1                     POP   HL   
312C   C9                     RET      
312D                             ; 
312D   3A 3C 3D     DEC1:     LD   A,(ARG1)   
3130   CD DA 2E               CALL   VARGET   
3133   2B                     DEC   HL   
3134   C3 27 31               JP   INC2   
3137                             ; 
3137                             ; -----------
3137                             ; PRINTB [7]
3137                             ; -----------
3137                             ; PRINT THE STRING POINTED TO BY BYTE POINTER ARG1
3137   2A 3C 3D     PRINTB:   LD   HL,(ARG1)   
313A   CD 65 39     PRINT2:   CALL   SETWRD   
313D   C3 0E 32               JP   PRINT1   
3140                             ; 
3140                             ; ----------
3140                             ; BADOP [8]
3140                             ; ----------
3140   C3 91 2D     BADOP:    JP   MLOOP   
3143                             ; 
3143                             ; -----------
3143                             ; REMOVE [9]
3143                             ; -----------
3143                             ; MOVE OBJECT [ARG1] TO PSEUDO-OBJECT #0
3143   CD 49 31     REMOVE:   CALL   REMOVC   
3146   C3 91 2D               JP   MLOOP   
3149                             ; 
3149   3A 3C 3D     REMOVC:   LD   A,(ARG1)   
314C   47                     LD   B,A   ;SAVE IT
314D   CD 75 38               CALL   OBJLOC   
3150   EB                     EX   DE,HL   ;SAVE IN DE
3151   21 04 00               LD   HL,4   
3154   19                     ADD   HL,DE   
3155   7E                     LD   A,(HL)   
3156   B7                     OR   A   
3157   C8                     RET   Z   ;NO OBJECT
3158   D5                     PUSH   DE   ;SAVE VALUE
3159   CD 75 38               CALL   OBJLOC   ;PARENT OBJECT
315C   11 06 00               LD   DE,6   
315F   EB                     EX   DE,HL   ;LP IN D
3160   19                     ADD   HL,DE   
3161   4E                     LD   C,(HL)   ;SIBL
3162   78                     LD   A,B   
3163   B9                     CP   C   
3164   C2 76 31               JP   NZ,REMVC1   ;NOT SAME
3167   E1                     POP   HL   
3168   E5                     PUSH   HL   ;L1
3169   01 05 00               LD   BC,5   
316C   09                     ADD   HL,BC   
316D   7E                     LD   A,(HL)   
316E   21 06 00               LD   HL,6   ;PARENT'S FIRST SLOT GETS LOC SLOT
3171   19                     ADD   HL,DE   
3172   77                     LD   (HL),A   
3173   C3 8E 31               JP   REMVC2   
3176   79           REMVC1:   LD   A,C   ;GET SIBL
3177   CD 75 38               CALL   OBJLOC   
317A   11 05 00               LD   DE,5   
317D   19                     ADD   HL,DE   
317E   54                     LD   D,H   
317F   5D                     LD   E,L   ;SAVE LS+5
3180   4E                     LD   C,(HL)   ;NEW SIBL
3181   78                     LD   A,B   
3182   B9                     CP   C   
3183   C2 76 31               JP   NZ,REMVC1   ;NOT END OF CHAIN
3186   01 05 00               LD   BC,5   
3189   E1                     POP   HL   
318A   E5                     PUSH   HL   
318B   09                     ADD   HL,BC   ;OLD NEXT
318C   7E                     LD   A,(HL)   
318D   12                     LD   (DE),A   
318E   E1           REMVC2:   POP   HL   
318F   11 04 00               LD   DE,4   
3192   19                     ADD   HL,DE   
3193   36 00                  LD   (HL),0   
3195   23                     INC   HL   
3196   36 00                  LD   (HL),0   
3198   C9                     RET      
3199                             ; ------------
3199                             ; PRINTD [10]
3199                             ; ------------
3199                             ; PRINT SHORT DESCRIPTION OF OBJECT [ARG1]
3199   3A 3C 3D     PRINTD:   LD   A,(ARG1)   
319C   CD A2 31               CALL   PRNTDC   
319F   C3 91 2D               JP   MLOOP   
31A2                             ; 
31A2   CD 75 38     PRNTDC:   CALL   OBJLOC   
31A5   11 07 00               LD   DE,7   
31A8   19                     ADD   HL,DE   
31A9   56                     LD   D,(HL)   
31AA   23                     INC   HL   
31AB   5E                     LD   E,(HL)   
31AC   EB                     EX   DE,HL   
31AD   23                     INC   HL   
31AE   CD 65 39               CALL   SETWRD   
31B1   C3 AA 3A               JP   PZSTR   
31B4                             ; 
31B4                             ; ------------
31B4                             ; RETURN [11]
31B4                             ; ------------
31B4                             ; RETURN FROM A CALL WITH VALUE ARG1
31B4   2A 2A 3D     RETURN:   LD   HL,(OZSTKP)   ;RESET STACK FROM CALL
31B7   22 26 29               LD   (ZSTAKP),HL   
31BA   3A 2C 3D               LD   A,(OZSTKC)   
31BD   32 29 3D               LD   (ZSTAKC),A   
31C0   CD C6 38               CALL   POPSTK   ;RESET Z-STACK
31C3   7D                     LD   A,L   
31C4   32 26 3D               LD   (ZPCH),A   ;SAVE UPPER PC
31C7   44                     LD   B,H   ;H HAS NUMBER OF LOCALS
31C8   7C                     LD   A,H   
31C9   87                     ADD   A,A   ;WORD
31CA   CA E2 31               JP   Z,RET2   ;NO LOCALS
31CD   21 06 3D               LD   HL,LOCALS-2   
31D0   CD 89 3A               CALL   HLOFF   ;POSITION HL TO RESTORE LOCALS
31D3   EB           RET1:     EX   DE,HL   
31D4   CD C6 38               CALL   POPSTK   ;GET THE LOCAL, REVERSE ORDER FIRST
31D7   EB                     EX   DE,HL   
31D8   72                     LD   (HL),D   
31D9   23                     INC   HL   
31DA   73                     LD   (HL),E   
31DB   2B                     DEC   HL   ;NOW BACK UP ONE ELEMENT
31DC   2B                     DEC   HL   
31DD   2B                     DEC   HL   
31DE   05                     DEC   B   
31DF   C2 D3 31               JP   NZ,RET1   ;LOOP
31E2   CD C6 38     RET2:     CALL   POPSTK   
31E5   22 27 3D               LD   (ZPCL),HL   ;REST OF PC
31E8   CD C6 38               CALL   POPSTK   
31EB   22 2A 3D               LD   (OZSTKP),HL   
31EE   CD C6 38               CALL   POPSTK   
31F1   7D                     LD   A,L   
31F2   32 2C 3D               LD   (OZSTKC),A   ;RESTORE OLD VALUES
31F5   AF                     XOR   A   
31F6   32 4F 3D               LD   (ZPCFLG),A   ;PC CHANGED
31F9   2A 3C 3D               LD   HL,(ARG1)   ;ARGUMENT TO BE RETURNED
31FC   C3 AC 2E               JP   PUTVAL   ;STORE AND RETURN
31FF                             ; 
31FF                             ; ----------
31FF                             ; JUMP [12]
31FF                             ; ----------
31FF                             ; BRANCH TO Z-LOCATION POINTED TO BY 16-BIT 2'S COMPLIMENT ARG1
31FF   2A 3C 3D     JUMP:     LD   HL,(ARG1)   ;RELATIVE JUMP
3202   44                     LD   B,H   
3203   4D                     LD   C,L   
3204   0B                     DEC   BC   
3205   C3 36 2F               JP   PREDB3   ;TREAT AS A SUCCESSFUL JUMP
3208                             ; 
3208                             ; -----------
3208                             ; PRINT [13]
3208                             ; -----------
3208                             ; PRINT THE Z-STRING POINTED TO BY THE WORD-POINTER ARG1
3208   2A 3C 3D     PRINT:    LD   HL,(ARG1)   ;TELL SETSTR WHERE THE STRING
320B   CD 77 39               CALL   SETSTR   ;RESIDES AND
320E   CD AA 3A     PRINT1:   CALL   PZSTR   ;PRINT THE STRING
3211   C3 91 2D               JP   MLOOP   
3214                             ; 
3214                             ; -----------
3214                             ; VALUE [14]
3214                             ; -----------
3214                             ; RETURN VALUE OF ARG1 [VALUE]
3214   3A 3C 3D     VALUE:    LD   A,(ARG1)   
3217   CD DA 2E               CALL   VARGET   
321A   C3 AC 2E               JP   PUTVAL   
321D                             ; 
321D                             ; ----------
321D                             ; BCOM [15]
321D                             ; ----------
321D                             ; COMPLIMENT ARG1 [VALUE]
321D   2A 3C 3D     BCOM:     LD   HL,(ARG1)   
3220   7C                     LD   A,H   
3221   2F                     CPL      
3222   67                     LD   H,A   
3223   7D                     LD   A,L   
3224   2F                     CPL      
3225   6F                     LD   L,A   
3226   C3 AC 2E               JP   PUTVAL   
3229                             ; 
3229                             ; *******************
3229                             ; *      2-OPS      *
3229                             ; *******************
3229                             ; 
3229                             ; ----------
3229                             ; LESS? [0]
3229                             ; ----------
3229                             ; IS ARG1 LESS THAN ARG2? [PRED]
3229   CD 96 38     LESSQ:    CALL   GETARG   
322C   EB                     EX   DE,HL   
322D   CD 9E 38               CALL   SHLGED   
3230   D2 01 2F               JP   NC,PREDS   
3233   C3 F2 2E               JP   PREDF   
3236                             ; 
3236                             ; ----------
3236                             ; GRTR? [1]
3236                             ; ----------
3236                             ; IS ARG1 GREATER THAN ARG2? [PRED]
3236   CD 96 38     GRTRQ:    CALL   GETARG   
3239   CD 9E 38               CALL   SHLGED   
323C   D2 01 2F               JP   NC,PREDS   
323F   C3 F2 2E               JP   PREDF   
3242                             ; 
3242                             ; -----------
3242                             ; DLESS? [2]
3242                             ; -----------
3242                             ; DECREMENT ARG1: SUCCEED IF ARG1 (-1) IS LESS THAN ARG2 [PRED]
3242   CD 2D 31     DLESSQ:   CALL   DEC1   
3245   EB                     EX   DE,HL   
3246   2A 3E 3D               LD   HL,(ARG2)   
3249   EB                     EX   DE,HL   
324A   C3 54 32               JP   IGRTQ1   
324D                             ; 
324D                             ; -----------
324D                             ; IGRTR? [3]
324D                             ; -----------
324D                             ; INCREMENT ARG1: SUCCEED IF ARG1 (+1) IS GREATER THAN ARG2 [PRED]
324D   CD 20 31     IGRTRQ:   CALL   INC1   
3250   EB                     EX   DE,HL   
3251   2A 3E 3D               LD   HL,(ARG2)   
3254   CD 9E 38     IGRTQ1:   CALL   SHLGED   
3257   D2 01 2F               JP   NC,PREDS   
325A   C3 F2 2E               JP   PREDF   
325D                             ; 
325D                             ; ----------
325D                             ; IN? [4]
325D                             ; ----------
325D                             ; IS OBJECT [ARG1] CONTAINED IN OBJECT [ARG2] [PRED]
325D   3A 3C 3D     INQ:      LD   A,(ARG1)   
3260   CD 75 38               CALL   OBJLOC   
3263   11 04 00               LD   DE,4   
3266   19                     ADD   HL,DE   
3267   3A 3E 3D               LD   A,(ARG2)   
326A   BE                     CP   (HL)   
326B   CA 01 2F               JP   Z,PREDS   ;SUCCESS IF OBJ 2 IN 1
326E   C3 F2 2E               JP   PREDF   
3271                             ; 
3271                             ; ---------
3271                             ; BTST [5]
3271                             ; ---------
3271                             ; IS EVERY "ON" BIT IN ARG1 ALSO "ON" IN ARG2 [PRED]
3271   CD 96 38     BTST:     CALL   GETARG   
3274   7C                     LD   A,H   
3275   A2                     AND   D   
3276   57                     LD   D,A   
3277   7D                     LD   A,L   
3278   A3                     AND   E   
3279   5F                     LD   E,A   
327A   CD A6 38               CALL   HLGEDE   
327D   CA 01 2F               JP   Z,PREDS   
3280   C3 F2 2E               JP   PREDF   
3283                             ; 
3283                             ; --------
3283                             ; BOR [6]
3283                             ; --------
3283                             ; RETURN BITWISE OR OF ARG1 AND ARG2 [VALUE]
3283   CD 96 38     BOR:      CALL   GETARG   
3286   7A                     LD   A,D   
3287   B4                     OR   H   
3288   67                     LD   H,A   
3289   7B                     LD   A,E   
328A   B5                     OR   L   
328B   6F                     LD   L,A   
328C   C3 AC 2E               JP   PUTVAL   
328F                             ; 
328F                             ; ---------
328F                             ; BAND [7]
328F                             ; ---------
328F                             ; RETURN BITWISE AND OF ARG1 AND ARG2 [VALUE]
328F   CD 96 38     BAND:     CALL   GETARG   
3292   7C                     LD   A,H   
3293   A2                     AND   D   
3294   67                     LD   H,A   
3295   7D                     LD   A,L   
3296   A3                     AND   E   
3297   6F                     LD   L,A   
3298   C3 AC 2E               JP   PUTVAL   
329B                             ; 
329B                             ; ----------
329B                             ; FSET? [8]
329B                             ; ----------
329B                             ; IS FLAG "ARG2" SET IN OBJECT "ARG1"? [PRED]
329B   CD 21 38     FSETQ:    CALL   FLAGSU   ;GET BIT
329E   7A                     LD   A,D   
329F   A0                     AND   B   
32A0   57                     LD   D,A   
32A1   7B                     LD   A,E   
32A2   A1                     AND   C   
32A3   B2                     OR   D   ;CHECK FOR ON
32A4   C2 01 2F               JP   NZ,PREDS   ;BIT ON
32A7   C3 F2 2E               JP   PREDF   ;BIT OFF
32AA                             ; 
32AA                             ; ---------
32AA                             ; FSET [9]
32AA                             ; ---------
32AA                             ; SET FLAG "ARG2" IN OBJECT "ARG1"
32AA   CD 21 38     FSET:     CALL   FLAGSU   
32AD   7A                     LD   A,D   
32AE   B0                     OR   B   
32AF   77                     LD   (HL),A   
32B0   23                     INC   HL   
32B1   7B                     LD   A,E   
32B2   B1                     OR   C   
32B3   77                     LD   (HL),A   
32B4   C3 91 2D               JP   MLOOP   
32B7                             ; 
32B7                             ; ------------
32B7                             ; FCLEAR [10]
32B7                             ; ------------
32B7                             ; CLEAR FLAG "ARG2" IN OBJECT "ARG1"
32B7   CD 21 38     FCLEAR:   CALL   FLAGSU   
32BA   78                     LD   A,B   
32BB   2F                     CPL      
32BC   A2                     AND   D   
32BD   77                     LD   (HL),A   
32BE   23                     INC   HL   
32BF   79                     LD   A,C   
32C0   2F                     CPL      
32C1   A3                     AND   E   
32C2   77                     LD   (HL),A   
32C3   C3 91 2D               JP   MLOOP   
32C6                             ; 
32C6                             ; ---------
32C6                             ; SET [11]
32C6                             ; ---------
32C6                             ; SET VARIABLE "ARG1" EQUAL TO VALUE "ARG2"
32C6   3A 3C 3D     ZSET:     LD   A,(ARG1)   
32C9   2A 3E 3D               LD   HL,(ARG2)   
32CC   CD E6 2E     VARPTR:   CALL   VARPUT   
32CF   C3 91 2D               JP   MLOOP   
32D2                             ; 
32D2                             ; ----------
32D2                             ; MOVE [12]
32D2                             ; ----------
32D2                             ; PUT OBJECT "ARG1" INTO OBJECT "ARG2"
32D2   CD 49 31     MOVE:     CALL   REMOVC   ;REMOVE OBJECT FIRST
32D5   3A 3C 3D               LD   A,(ARG1)   
32D8   CD 75 38               CALL   OBJLOC   
32DB   E5                     PUSH   HL   ;SAVE LOC OF FIRST ARG
32DC   11 04 00               LD   DE,4   
32DF   19                     ADD   HL,DE   ;LOC SLOT
32E0   3A 3E 3D               LD   A,(ARG2)   
32E3   77                     LD   (HL),A   
32E4   CD 75 38               CALL   OBJLOC   
32E7   11 06 00               LD   DE,6   
32EA   19                     ADD   HL,DE   ;FIRST SLOT
32EB   46                     LD   B,(HL)   
32EC   3A 3C 3D               LD   A,(ARG1)   
32EF   77                     LD   (HL),A   
32F0   E1                     POP   HL   
32F1   78                     LD   A,B   
32F2   B7                     OR   A   
32F3   CA 91 2D               JP   Z,MLOOP   
32F6   11 05 00               LD   DE,5   
32F9   19                     ADD   HL,DE   
32FA   77                     LD   (HL),A   ;NEXT SLOT
32FB   C3 91 2D               JP   MLOOP   
32FE                             ; 
32FE                             ; ---------
32FE                             ; GET [13]
32FE                             ; ---------
32FE                             ; RETURN VALUE OF ITEM "ARG2" IN WORD-TABLE AT "ARG1"
32FE   2A 3E 3D     GET:      LD   HL,(ARG2)   
3301   29                     ADD   HL,HL   ;ITEM NUMBER*2
3302   EB                     EX   DE,HL   
3303   2A 3C 3D               LD   HL,(ARG1)   
3306   19                     ADD   HL,DE   ;POINTER TO ITEM
3307   CD 65 39               CALL   SETWRD   
330A   CD A6 39               CALL   GETWRD   ;GET VALUE
330D   C3 AC 2E               JP   PUTVAL   
3310                             ; 
3310                             ; ----------
3310                             ; GETB [14]
3310                             ; ----------
3310                             ; RETURN VALUE OF ITEM "ARG2" IN BYTE-TABLE AT "ARG1" [VALUE]
3310   2A 3E 3D     GETB:     LD   HL,(ARG2)   
3313   EB                     EX   DE,HL   
3314   2A 3C 3D               LD   HL,(ARG1)   
3317   19                     ADD   HL,DE   
3318   CD 65 39               CALL   SETWRD   
331B   CD B1 39               CALL   GETBYT   
331E   6F                     LD   L,A   
331F   26 00                  LD   H,0   
3321   C3 AC 2E               JP   PUTVAL   
3324                             ; 
3324                             ; ----------
3324                             ; GETP [15]
3324                             ; ----------
3324                             ; RETURN PROP "ARG2" OF OBJECT "ARG1"; IF SPECIFIED PROP DOES
3324                             ; NOT EXIST, RETUURN  PROP'TH ELEMENT OF DEFAULT OBJECT [VALUE]
3324   CD 4B 38     GETP:     CALL   PROPB   ;GET POINTER TO PROPS IN PROP TABLE
3327   CD 62 38     GETP1:    CALL   PROPN   
332A   47                     LD   B,A   
332B   3A 3E 3D               LD   A,(ARG2)   
332E   B8                     CP   B   
332F   CA 58 33               JP   Z,GETP2   ;FOUND PROP
3332   D2 3B 33               JP   NC,GETP3   ;GET PROP FROM DEFAULT TABLE
3335   CD 6D 38               CALL   PROPNX   ;TRY AGAIN WITH NEXT PROP
3338   C3 27 33               JP   GETP1   
333B   2A 5A 3D     GETP3:    LD   HL,(ZCODEP)   
333E   11 0A 00               LD   DE,ZOBJEC   
3341   19                     ADD   HL,DE   
3342   56                     LD   D,(HL)   
3343   23                     INC   HL   
3344   5E                     LD   E,(HL)   
3345   2A 5A 3D               LD   HL,(ZCODEP)   
3348   19                     ADD   HL,DE   ;BEG OF OBJECT TABLE
3349   3A 3E 3D               LD   A,(ARG2)   
334C   87                     ADD   A,A   
334D   CD 89 3A               CALL   HLOFF   
3350   2B                     DEC   HL   
3351   5E                     LD   E,(HL)   
3352   2B                     DEC   HL   
3353   56                     LD   D,(HL)   
3354   EB                     EX   DE,HL   
3355   C3 AC 2E               JP   PUTVAL   ;RETURN DEFAULT VALUE
3358   CD 66 38     GETP2:    CALL   PROPL   ;GET LENGTH
335B   23                     INC   HL   
335C   3D                     DEC   A   
335D   FA 6A 33               JP   M,GETP2A   ;1 BYTE
3360   C4 D9 21               CALL   NZ,ZER   ;BAD PROP LENGTH
3363   56                     LD   D,(HL)   
3364   23                     INC   HL   
3365   5E                     LD   E,(HL)   
3366   EB                     EX   DE,HL   
3367   C3 AC 2E               JP   PUTVAL   ;RETURN TWO BYTE PROP
336A   6E           GETP2A:   LD   L,(HL)   
336B   26 00                  LD   H,0   
336D   C3 AC 2E               JP   PUTVAL   
3370   CD 4B 38     GETPT:    CALL   PROPB   
3373   CD 62 38     GETPT1:   CALL   PROPN   
3376   47                     LD   B,A   
3377   3A 3E 3D               LD   A,(ARG2)   
337A   B8                     CP   B   
337B   CA 87 33               JP   Z,GETPT2   ;FOUND PROP
337E   D2 A8 2E               JP   NC,RET0   
3381   CD 6D 38               CALL   PROPNX   
3384   C3 73 33               JP   GETPT1   
3387   23           GETPT2:   INC   HL   
3388   EB                     EX   DE,HL   
3389   2A 5A 3D               LD   HL,(ZCODEP)   ;SUBRACT OFF RELATIVE POINTER
338C   7B                     LD   A,E   
338D   95                     SUB   L   
338E   6F                     LD   L,A   
338F   7A                     LD   A,D   
3390   9C                     SBC   A,H   
3391   67                     LD   H,A   
3392   C3 AC 2E               JP   PUTVAL   
3395   CD 4B 38     NEXTP:    CALL   PROPB   ;POINT TO PROP VALUE
3398   3A 3E 3D               LD   A,(ARG2)   
339B   B7                     OR   A   
339C   CA B3 33               JP   Z,NEXTP2   ;PROP0
339F   CD 62 38     NEXTP1:   CALL   PROPN   
33A2   47                     LD   B,A   
33A3   3A 3E 3D               LD   A,(ARG2)   
33A6   B8                     CP   B   
33A7   CA B9 33               JP   Z,NEXTP3   ;FOUND PROP
33AA   D2 A8 2E               JP   NC,RET0   ;RETURN 0
33AD   CD 6D 38               CALL   PROPNX   
33B0   C3 9F 33               JP   NEXTP1   ;LOOP
33B3   CD 62 38     NEXTP2:   CALL   PROPN   
33B6   C3 A9 2E               JP   PUTBYT   
33B9   CD 6D 38     NEXTP3:   CALL   PROPNX   
33BC   C3 B3 33               JP   NEXTP2   ;PROPN OF NEXT
33BF   CD 96 38     ZADD:     CALL   GETARG   
33C2   19                     ADD   HL,DE   
33C3   C3 AC 2E               JP   PUTVAL   
33C6   CD 96 38     ZSUB:     CALL   GETARG   
33C9   7B                     LD   A,E   
33CA   95                     SUB   L   
33CB   6F                     LD   L,A   
33CC   7A                     LD   A,D   
33CD   9C                     SBC   A,H   
33CE   67                     LD   H,A   
33CF   C3 AC 2E               JP   PUTVAL   
33D2   CD 96 38     MUL:      CALL   GETARG   
33D5   EB                     EX   DE,HL   
33D6   CD F9 37               CALL   SIGNC   ;CHECK SIGN
33D9   E5                     PUSH   HL   
33DA   21 02 00               LD   HL,2   
33DD   CD A6 38               CALL   HLGEDE   
33E0   CA F9 33               JP   Z,MUL2   
33E3   21 04 00               LD   HL,4   
33E6   CD A6 38               CALL   HLGEDE   
33E9   CA F6 33               JP   Z,MUL4   
33EC   E1                     POP   HL   
33ED   CD 9D 37               CALL   MULT   ;DO THE MULTIPLY
33F0   CD 06 38     MUL1:     CALL   SIGNS   ;SET THE SIGN
33F3   C3 AC 2E               JP   PUTVAL   ;THEN STORE RESULT
33F6   E1           MUL4:     POP   HL   
33F7   29                     ADD   HL,HL   
33F8   E5                     PUSH   HL   
33F9   E1           MUL2:     POP   HL   
33FA   29                     ADD   HL,HL   
33FB   C3 F0 33               JP   MUL1   
33FE   CD 96 38     DIV:      CALL   GETARG   
3401   EB                     EX   DE,HL   
3402   CD F9 37               CALL   SIGNC   ;CHECK SIGNS
3405   E5                     PUSH   HL   
3406   21 02 00               LD   HL,2   
3409   CD A6 38               CALL   HLGEDE   
340C   CA 1F 34               JP   Z,DIV2   ;DIVIDE BY 2
340F   21 04 00               LD   HL,4   
3412   CD A6 38               CALL   HLGEDE   
3415   CA 26 34               JP   Z,DIV4   ;DIVIDE BY 4
3418   E1                     POP   HL   
3419   CD C6 37               CALL   DIVIDE   ;DO THE DIVIDE
341C   C3 F0 33               JP   MUL1   ;SET SIGN AND RETURN
341F   E1           DIV2:     POP   HL   
3420   CD 2D 34     DIV2B:    CALL   DIV2A   
3423   C3 F0 33               JP   MUL1   
3426   E1           DIV4:     POP   HL   
3427   CD 2D 34               CALL   DIV2A   
342A   C3 20 34               JP   DIV2B   
342D   B7           DIV2A:    OR   A   ;CLEAR CARRY
342E   7C                     LD   A,H   
342F   1F                     RRA      
3430   67                     LD   H,A   
3431   7D                     LD   A,L   
3432   1F                     RRA      
3433   6F                     LD   L,A   
3434   C9                     RET      
3435   CD 96 38     ZMOD:     CALL   GETARG   
3438   EB                     EX   DE,HL   
3439   CD F9 37               CALL   SIGNC   ;MAKE THEM POSITIVE
343C   CD C6 37               CALL   DIVIDE   ;DO THE DIVIDE
343F   EB                     EX   DE,HL   ;GET THE REMAINDER
3440   C3 AC 2E               JP   PUTVAL   
3443                             ; 
3443                             ; *******************
3443                             ; *      X-OPS      *
3443                             ; *******************
3443                             ; 
3443   2A 3C 3D     EQUALQ:   LD   HL,(ARG1)   
3446   EB                     EX   DE,HL   
3447   3A 44 3D               LD   A,(ARGCNT)   
344A   47                     LD   B,A   
344B   05                     DEC   B   
344C   CC D9 21               CALL   Z,ZER   
344F   2A 3E 3D               LD   HL,(ARG2)   
3452   CD 64 34               CALL   EQUAQ1   
3455   2A 40 3D               LD   HL,(ARG3)   
3458   CD 64 34               CALL   EQUAQ1   
345B   2A 42 3D               LD   HL,(ARG4)   
345E   CD 64 34               CALL   EQUAQ1   
3461   CD D9 21               CALL   ZER   
3464   CD A6 38     EQUAQ1:   CALL   HLGEDE   ;DO COMPARISON
3467   E1                     POP   HL   ;RESTORE RETURN ADDRESS
3468   CA 01 2F               JP   Z,PREDS   ;DON'T BOTHER RETURNING
346B   05                     DEC   B   ;ARG COUNT
346C   CA F2 2E               JP   Z,PREDF   ;OUT OF ARGS, 0FAIL
346F   E9                     JP   (HL)   ;ELSE RETURN
3470   2A 3C 3D     ZCALL:    LD   HL,(ARG1)   
3473   7C                     LD   A,H   
3474   B5                     OR   L   
3475   CA AC 2E               JP   Z,PUTVAL   
3478   2A 2C 3D               LD   HL,(OZSTKC)   
347B   CD AD 38               CALL   PSHSTK   
347E   2A 2A 3D               LD   HL,(OZSTKP)   
3481   CD AD 38               CALL   PSHSTK   
3484   2A 27 3D               LD   HL,(ZPCL)   
3487   CD AD 38               CALL   PSHSTK   ;SAVE OLD PC LOWER
348A   2A 26 3D               LD   HL,(ZPCH)   ;SAVE HIGH IN L
348D   E5                     PUSH   HL   
348E   AF                     XOR   A   
348F   32 4F 3D               LD   (ZPCFLG),A   ;PC HAS CHANGED
3492   67                     LD   H,A   
3493   3A 3C 3D               LD   A,(ARG1)   
3496   6F                     LD   L,A   
3497   29                     ADD   HL,HL   ;NEW ZPCL
3498   22 27 3D               LD   (ZPCL),HL   
349B   3A 3D 3D               LD   A,(ARG1+1)   
349E   32 26 3D               LD   (ZPCH),A   ;NEW ZPCH
34A1   CD DB 38               CALL   NEXTPC   ;GET NUMBER OF LOCALS
34A4   E1                     POP   HL   
34A5   47                     LD   B,A   ;B HAS NUMBER OF LOCALS
34A6   67                     LD   H,A   
34A7   E5                     PUSH   HL   ;SAVE VALUE
34A8   21 08 3D               LD   HL,LOCALS   ;STORE OLD LOCALS
34AB   B7                     OR   A   
34AC   CA CD 34               JP   Z,ZCALL2   ;NO LOCALS
34AF   C5           ZCALL1:   PUSH   BC   
34B0   56                     LD   D,(HL)   
34B1   23                     INC   HL   
34B2   5E                     LD   E,(HL)   
34B3   EB                     EX   DE,HL   
34B4   CD AD 38               CALL   PSHSTK   
34B7   1B                     DEC   DE   
34B8   D5                     PUSH   DE   
34B9   CD DB 38               CALL   NEXTPC   ;GET NEW DEFAULT VALUE FOR LOCAL
34BC   57                     LD   D,A   
34BD   D5                     PUSH   DE   
34BE   CD DB 38               CALL   NEXTPC   ;WORD VALUE
34C1   D1                     POP   DE   
34C2   5F                     LD   E,A   
34C3   E1                     POP   HL   ;POINTER TO STORE NEW LOCAL
34C4   72                     LD   (HL),D   
34C5   23                     INC   HL   
34C6   73                     LD   (HL),E   
34C7   23                     INC   HL   
34C8   C1                     POP   BC   
34C9   05                     DEC   B   
34CA   C2 AF 34               JP   NZ,ZCALL1   ;LOOP THROUGH ALL LOCALS
34CD   3A 44 3D     ZCALL2:   LD   A,(ARGCNT)   ;PASS ARGS
34D0   47                     LD   B,A   
34D1   05                     DEC   B   
34D2   CA E9 34               JP   Z,ZCALL4   ;NO ARGS TO PASS
34D5   21 3E 3D               LD   HL,ARG2   ;POINTER TO FIRST ARG
34D8   11 08 3D               LD   DE,LOCALS   
34DB   7E           ZCALL3:   LD   A,(HL)   
34DC   23                     INC   HL   
34DD   13                     INC   DE   
34DE   12                     LD   (DE),A   
34DF   1B                     DEC   DE   
34E0   7E                     LD   A,(HL)   
34E1   23                     INC   HL   
34E2   12                     LD   (DE),A   
34E3   13                     INC   DE   
34E4   13                     INC   DE   
34E5   05                     DEC   B   
34E6   C2 DB 34               JP   NZ,ZCALL3   
34E9   E1           ZCALL4:   POP   HL   ;GET BACK ZPCH AND NUMBER OF LOCALS
34EA   CD AD 38               CALL   PSHSTK   
34ED   3A 29 3D               LD   A,(ZSTAKC)   
34F0   32 2C 3D               LD   (OZSTKC),A   
34F3   2A 26 29               LD   HL,(ZSTAKP)   
34F6   22 2A 3D               LD   (OZSTKP),HL   ;FOR KNOWING WHERE TO RETURN
34F9   C3 91 2D               JP   MLOOP   
34FC   2A 3E 3D     PUT:      LD   HL,(ARG2)   
34FF   29                     ADD   HL,HL   
3500   EB                     EX   DE,HL   
3501   2A 3C 3D               LD   HL,(ARG1)   
3504   19                     ADD   HL,DE   ;Z ADDRESS
3505   EB                     EX   DE,HL   
3506   2A 5A 3D               LD   HL,(ZCODEP)   
3509   19                     ADD   HL,DE   ;REAL POINTER
350A   EB                     EX   DE,HL   
350B   2A 40 3D               LD   HL,(ARG3)   ;VALUE TO STORE
350E   EB                     EX   DE,HL   
350F   72                     LD   (HL),D   
3510   23                     INC   HL   
3511   73                     LD   (HL),E   
3512   C3 91 2D               JP   MLOOP   
3515   2A 3E 3D     PUTB:     LD   HL,(ARG2)   
3518   EB                     EX   DE,HL   
3519   2A 3C 3D               LD   HL,(ARG1)   
351C   19                     ADD   HL,DE   
351D   EB                     EX   DE,HL   
351E   2A 5A 3D               LD   HL,(ZCODEP)   
3521   19                     ADD   HL,DE   
3522   3A 40 3D               LD   A,(ARG3)   
3525   77                     LD   (HL),A   ;STORE ONE BYTE IN RANDOM TABLE
3526   C3 91 2D               JP   MLOOP   
3529   CD 4B 38     PUTP:     CALL   PROPB   ;SET PROP
352C   CD 62 38     PUTP1:    CALL   PROPN   ;GET PROP NUMBER
352F   47                     LD   B,A   
3530   3A 3E 3D               LD   A,(ARG2)   
3533   B8                     CP   B   
3534   CA 40 35               JP   Z,PUTP2   ;FOUND PROPERTY
3537   D4 D9 21               CALL   NC,ZER   ;BAD PROP NUMBER
353A   CD 6D 38               CALL   PROPNX   ;TRY NEXT
353D   C3 2C 35               JP   PUTP1   
3540   CD 66 38     PUTP2:    CALL   PROPL   ;GET LENGTH
3543   23                     INC   HL   
3544   EB                     EX   DE,HL   
3545   2A 40 3D               LD   HL,(ARG3)   
3548   3D                     DEC   A   
3549   FA 56 35               JP   M,PUTP2A   ;STORE 1 BYTE
354C   C4 D9 21               CALL   NZ,ZER   ;TOO LONG
354F   EB                     EX   DE,HL   
3550   72                     LD   (HL),D   
3551   23                     INC   HL   
3552   73                     LD   (HL),E   
3553   C3 91 2D               JP   MLOOP   ;RETURN
3556   EB           PUTP2A:   EX   DE,HL   
3557   73                     LD   (HL),E   
3558   C3 91 2D               JP   MLOOP   ;SET AND RETURN
355B                ZREAD:       
355B   CD CA 24               CALL   WHOLIN   
355E   CD 6F 37               CALL   RND   ;RANDOMIZE
3561   2A 5A 3D               LD   HL,(ZCODEP)   ;MAIN READ CODE
3564   EB                     EX   DE,HL   ;GET REAL POINTERS TO TABLES
3565   2A 3C 3D               LD   HL,(ARG1)   
3568   19                     ADD   HL,DE   ;BUFFER TABLE
3569   22 3C 3D               LD   (ARG1),HL   
356C   2A 3E 3D               LD   HL,(ARG2)   
356F   19                     ADD   HL,DE   ;RESULT TABLE
3570   22 3E 3D               LD   (ARG2),HL   
3573   CD 8A 22               CALL   READBF   ;READ THE BUFFER
3576   47                     LD   B,A   ;CHARACTER COUNT IN B
3577   0E 00                  LD   C,0   ;C HAS CHARACTERS IN WORD
3579   2A 3E 3D               LD   HL,(ARG2)   
357C   23                     INC   HL   
357D   36 00                  LD   (HL),0   ;SET WORDS READ TO 0
357F   23                     INC   HL   
3580   22 6A 3D               LD   (RTABP),HL   ;INITIALIZE RESULT TABLE POINTER
3583   2A 3C 3D               LD   HL,(ARG1)   
3586   23                     INC   HL   ;HL HAS POINTER TO INPUT CHARACTERS
3587   E5           READL:    PUSH   HL   
3588   2A 3E 3D               LD   HL,(ARG2)   
358B   7E                     LD   A,(HL)   
358C   23                     INC   HL   
358D   BE                     CP   (HL)   
358E   E1                     POP   HL   
358F   CA 91 2D               JP   Z,MLOOP   ;TOO MANY WORDS
3592                             ;ERROR HERE IF DESIRED INSTEAD OF JZ
3592   78                     LD   A,B   
3593   B1                     OR   C   
3594   CA 91 2D               JP   Z,MLOOP   ;OUT OF CHARACTERS AND WORDS
3597   79                     LD   A,C   
3598   FE 06                  CP   6   
359A   CC 20 36               CALL   Z,FLUSHW   ;FLUSH CHARS IN A WORD OVER 6 CHARACTERS
359D   79                     LD   A,C   
359E   B7                     OR   A   
359F   C2 D2 35               JP   NZ,READL2   ;NOT FIRST CHARACTER IN WORD
35A2   E5                     PUSH   HL   
35A3   16 06                  LD   D,6   
35A5   21 31 3D               LD   HL,ZSTBUI   ;INITIALIZE WORD BUFFER
35A8   36 00        RD0PL:    LD   (HL),0   
35AA   23                     INC   HL   
35AB   15                     DEC   D   
35AC   C2 A8 35               JP   NZ,RD0PL   
35AF   E1                     POP   HL   
35B0   3A 3C 3D               LD   A,(ARG1)   
35B3   57                     LD   D,A   
35B4   7D                     LD   A,L   
35B5   92                     SUB   D   ;POSITION OF START OF WORD
35B6   E5                     PUSH   HL   
35B7   2A 6A 3D               LD   HL,(RTABP)   
35BA   23                     INC   HL   
35BB   23                     INC   HL   
35BC   23                     INC   HL   
35BD   77                     LD   (HL),A   ;STORE IN RESULT TABLE
35BE   E1                     POP   HL   
35BF   7E                     LD   A,(HL)   
35C0   CD 47 36               CALL   SIBRKQ   ;SELF INSERTING BREAK?
35C3   DA EF 35               JP   C,RSIBRK   
35C6   7E                     LD   A,(HL)   
35C7   CD 2E 36               CALL   RBRKQ   ;NORMAL BREAK?
35CA   D2 D2 35               JP   NC,READL2   ;NO
35CD   23                     INC   HL   ;YES, 0FLUSH STRANDED BREAKS
35CE   05                     DEC   B   
35CF   C3 87 35               JP   READL   ;LOOP BACK
35D2   78           READL2:   LD   A,B   
35D3   B7                     OR   A   
35D4   CA F5 35               JP   Z,READL3   ;OUT OF CHARACTERS, SIMULATE WORD ENDING
35D7   7E                     LD   A,(HL)   
35D8   CD 2E 36               CALL   RBRKQ   ;WORD BREAK?
35DB   DA F5 35               JP   C,READL3   ;FOUND A BREAK
35DE   56                     LD   D,(HL)   
35DF   E5                     PUSH   HL   
35E0   21 31 3D               LD   HL,ZSTBUI   
35E3   79                     LD   A,C   
35E4   CD 89 3A               CALL   HLOFF   
35E7   72                     LD   (HL),D   ;STORE CHARACTER IN BUFFER
35E8   E1                     POP   HL   
35E9   05                     DEC   B   ;ONE LESS CHARACTER
35EA   0C                     INC   C   ;ONE MORE CHARACTER IN WORD
35EB   23                     INC   HL   ;POINT TO NEXT CHARACTER
35EC   C3 87 35               JP   READL   
35EF   32 31 3D     RSIBRK:   LD   (ZSTBUI),A   ;STORE SELF INSERTING BREAK
35F2   0C                     INC   C   ;1 CHAR
35F3   05                     DEC   B   ;1 LESS CHAR
35F4   23                     INC   HL   
35F5   79           READL3:   LD   A,C   ;INSERT WORD IF ANY CHARACTERS IN WORD
35F6   B7                     OR   A   
35F7   CA 87 35               JP   Z,READL   ;NO CHARACTERS IN WORD
35FA   E5                     PUSH   HL   
35FB   C5                     PUSH   BC   
35FC   2A 6A 3D               LD   HL,(RTABP)   ;STORE PARAMS IN TABLE
35FF   23                     INC   HL   
3600   23                     INC   HL   
3601   71                     LD   (HL),C   ;REAL LENGTH OF WORD
3602   CD 11 3C               CALL   CONZST   ;CONVERT TO ZSTRING
3605   CD 6E 36               CALL   FINDW   ;LOOK UP WORD IN VOCAB TABLE
3608   2A 6A 3D               LD   HL,(RTABP)   ;STORE RESULT
360B   72                     LD   (HL),D   
360C   23                     INC   HL   
360D   73                     LD   (HL),E   
360E   23                     INC   HL   
360F   23                     INC   HL   
3610   23                     INC   HL   
3611   22 6A 3D               LD   (RTABP),HL   ;POINTER TO NEXT WORD
3614   2A 3E 3D               LD   HL,(ARG2)   
3617   23                     INC   HL   
3618   34                     INC   (HL)   ;ONE MORE WORD
3619   C1                     POP   BC   
361A   E1                     POP   HL   
361B   0E 00                  LD   C,0   ;ZERO CHARACTERS IN NEXT WORD
361D   C3 87 35               JP   READL   
3620   78           FLUSHW:   LD   A,B   
3621   B7                     OR   A   ;FLUSH CHARACTERS TILL BREAD OR END OF BUFFER
3622   C8                     RET   Z   
3623   7E                     LD   A,(HL)   
3624   CD 2E 36               CALL   RBRKQ   
3627   D8                     RET   C   ;FOUND A BREAK
3628   23                     INC   HL   
3629   05                     DEC   B   
362A   0C                     INC   C   
362B   C3 20 36               JP   FLUSHW   
362E   CD 47 36     RBRKQ:    CALL   SIBRKQ   ;FIRST CHECK SELF INSERTING BREAKS
3631   D8                     RET   C   ;YES
3632   E5                     PUSH   HL   
3633   21 64 36               LD   HL,BRKTBL   
3636   16 0A                  LD   D,NBRKS   
3638   BE           RBRK1:    CP   (HL)   
3639   CA 44 36               JP   Z,FBRK   ;MATCH
363C   23                     INC   HL   
363D   15                     DEC   D   
363E   C2 38 36               JP   NZ,RBRK1   
3641   E1           RBRK2:    POP   HL   ;NOT FOUND
3642   B7                     OR   A   ;CLEAR CARRY
3643   C9                     RET      
3644   E1           FBRK:     POP   HL   
3645   37                     SCF      
3646   C9                     RET      ;FOUND A BREAK, SET CARRY AND RETURN
3647   E5           SIBRKQ:   PUSH   HL   
3648   CD 55 36               CALL   GETVOC   
364B   56                     LD   D,(HL)   ;NUMBER OF SELF INSERTING BREAKS
364C   15                     DEC   D   
364D   14                     INC   D   
364E   CA 41 36               JP   Z,RBRK2   ;FAIL
3651   23                     INC   HL   
3652   C3 38 36               JP   RBRK1   
3655   2A 5A 3D     GETVOC:   LD   HL,(ZCODEP)   
3658   11 08 00               LD   DE,ZVOCAB   
365B   19                     ADD   HL,DE   
365C   56                     LD   D,(HL)   
365D   23                     INC   HL   
365E   5E                     LD   E,(HL)   
365F   2A 5A 3D               LD   HL,(ZCODEP)   
3662   19                     ADD   HL,DE   
3663   C9                     RET      
3664   20 2E 2C 3F  BRKTBL:   DB   " .,?"   
3668   0D 0A 09 0C            DB   0DH,0AH,9H,0CH   
366C   22 22                  DB   22H,22H   
366E                NBRKS:    EQU   $-BRKTBL   
366E   CD 55 36     FINDW:    CALL   GETVOC   ;FIND WORD IN VOCAB TABLE, 0ASSUMES VOCAB IN MEMORY
3671   7E                     LD   A,(HL)   
3672   23                     INC   HL   
3673   CD 89 3A               CALL   HLOFF   ;SKIP OVER SELF INSERTING BREAKS
3676   7E                     LD   A,(HL)   
3677   87                     ADD   A,A   
3678   87                     ADD   A,A   
3679   87                     ADD   A,A   
367A   87                     ADD   A,A   
367B   4F                     LD   C,A   ;C HAS 16 TIMES VOCAB ENTRY SIZE
367C   23                     INC   HL   
367D   56                     LD   D,(HL)   
367E   23                     INC   HL   
367F   5E                     LD   E,(HL)   
3680   23                     INC   HL   ;HL POINTS TO VOCAB TABLE
3681   3A 65 3D               LD   A,(ZSTBUO+1)   ;GET FIRST CHARACTER
3684   47                     LD   B,A   ;PUT IT IN B
3685   C3 91 36               JP   FWL2   ;WE CAN'T START AT THE BEGINNING
3688   B2           FWL1A:    OR   D   ;HERE ON 16 WORD BOUNDRY
3689   CA A6 36               JP   Z,FWL3   ;END OF TABLE
368C   7E           FWL1:     LD   A,(HL)   
368D   B8                     CP   B   ;CHECK ONLY FIRST BYTE
368E   D2 A6 36               JP   NC,FWL3   ;FOUND PROPER AREA FOR FINE SEARCH
3691   7D           FWL2:     LD   A,L   
3692   81                     ADD   A,C   
3693   6F                     LD   L,A   
3694   7C                     LD   A,H   
3695   CE 00                  ADC   A,0   
3697   67                     LD   H,A   ;POINTER TO NEXT BLOCK (HLOFF NOT USED FOR SPEED)
3698   7B                     LD   A,E   
3699   D6 10                  SUB   16   ;16 MORE WORDS
369B   5F                     LD   E,A   
369C   CA 88 36               JP   Z,FWL1A   
369F   D2 8C 36               JP   NC,FWL1   
36A2   15                     DEC   D   
36A3   F2 8C 36               JP   P,FWL1   ;NOT OUT OF WORDS
36A6   7D           FWL3:     LD   A,L   ;NOW DO FINE CHECK
36A7   91                     SUB   C   ;BACKUP 16 WORDS
36A8   6F                     LD   L,A   
36A9   7C                     LD   A,H   
36AA   DE 00                  SBC   A,0   
36AC   67                     LD   H,A   
36AD   7B                     LD   A,E   
36AE   C6 10                  ADD   A,16   
36B0   5F                     LD   E,A   
36B1   7A                     LD   A,D   
36B2   CE 00                  ADC   A,0   
36B4   57                     LD   D,A   ;BACKUP COUNT
36B5   79                     LD   A,C   
36B6   0F                     RRCA      
36B7   0F                     RRCA      
36B8   0F                     RRCA      
36B9   0F                     RRCA      
36BA   4F                     LD   C,A   ;REAL ENTRY SIZE
36BB                FWL4:        
36BB   3A 65 3D               LD   A,(ZSTBUO+1)   
36BE   BE                     CP   (HL)   
36BF   DA F3 36               JP   C,FWFAIL   
36C2   C2 E9 36               JP   NZ,FWL4A   ;CHECK ALL 4 BYTES
36C5   23                     INC   HL   
36C6   3A 64 3D               LD   A,(ZSTBUO)   
36C9   BE                     CP   (HL)   
36CA   DA F3 36               JP   C,FWFAIL   
36CD   C2 E8 36               JP   NZ,FWL4B   
36D0   23                     INC   HL   
36D1   3A 67 3D               LD   A,(ZSTBUO+3)   
36D4   BE                     CP   (HL)   
36D5   DA F3 36               JP   C,FWFAIL   
36D8   C2 E7 36               JP   NZ,FWL4C   
36DB   23                     INC   HL   
36DC   3A 66 3D               LD   A,(ZSTBUO+2)   
36DF   BE                     CP   (HL)   
36E0   DA F3 36               JP   C,FWFAIL   
36E3   CA F7 36               JP   Z,FWSUCC   ;MATCH
36E6   2B                     DEC   HL   
36E7   2B           FWL4C:    DEC   HL   
36E8   2B           FWL4B:    DEC   HL   
36E9   79           FWL4A:    LD   A,C   
36EA   CD 89 3A               CALL   HLOFF   
36ED   1B                     DEC   DE   
36EE   7A                     LD   A,D   
36EF   B3                     OR   E   
36F0   C2 BB 36               JP   NZ,FWL4   ;NOT OUT OF WORDS YET
36F3   11 00 00     FWFAIL:   LD   DE,0   
36F6   C9                     RET      
36F7   2B           FWSUCC:   DEC   HL   
36F8   2B                     DEC   HL   
36F9   2B                     DEC   HL   
36FA   EB                     EX   DE,HL   
36FB   2A 5A 3D               LD   HL,(ZCODEP)   
36FE   7B                     LD   A,E   
36FF   95                     SUB   L   
3700   5F                     LD   E,A   
3701   7A                     LD   A,D   
3702   9C                     SBC   A,H   
3703   57                     LD   D,A   
3704   C9                     RET      
3705   3A 3C 3D     PRINTC:   LD   A,(ARG1)   
3708   4F                     LD   C,A   
3709   CD FA 23               CALL   COUT   
370C   C3 91 2D               JP   MLOOP   
370F   2A 3C 3D     PRINTN:   LD   HL,(ARG1)   
3712   CD 18 37               CALL   PRNTNC   
3715   C3 91 2D               JP   MLOOP   
3718   7C           PRNTNC:   LD   A,H   
3719   B7                     OR   A   
371A   FC 46 37               CALL   M,PRNTNG   ;NEGATIVE NUMBER
371D   06 00                  LD   B,0   ;DIGIT COUNT
371F   7C           PRNTN1:   LD   A,H   
3720   B5                     OR   L   
3721   CA 2F 37               JP   Z,PRNTN3   
3724   11 0A 00               LD   DE,10   
3727   CD C6 37               CALL   DIVIDE   
372A   D5                     PUSH   DE   
372B   04                     INC   B   
372C   C3 1F 37               JP   PRNTN1   
372F   AF           PRNTN3:   XOR   A   
3730   80                     ADD   A,B   
3731   CA 41 37               JP   Z,PRNTN6   ;PRINT AT LEAST 0
3734   D1           PRNTN4:   POP   DE   
3735   3E 30                  LD   A,"0"   
3737   83                     ADD   A,E   
3738   4F                     LD   C,A   
3739   CD FA 23               CALL   COUT   
373C   05                     DEC   B   
373D   C2 34 37               JP   NZ,PRNTN4   
3740   C9                     RET      
3741   0E 30        PRNTN6:   LD   C,"0"   
3743   C3 FA 23               JP   COUT   
3746   0E 2D        PRNTNG:   LD   C,"-"   ;PRINT -
3748   CD FA 23               CALL   COUT   
374B   C3 0C 38               JP   SIGNCN   ;CHANGE SIGN
374E   2A 3C 3D     RANDOM:   LD   HL,(ARG1)   ;RANDOM GENERATOR
3751   EB                     EX   DE,HL   
3752   CD 6F 37               CALL   RND   ;GET THE BASE NUMBER
3755   CD C6 37               CALL   DIVIDE   
3758   EB                     EX   DE,HL   ;GET REMAINDER
3759   23                     INC   HL   ;MAKE NOT EQUAL TO 0
375A   C3 AC 2E               JP   PUTVAL   
375D   2A 3C 3D     ZPUSH:    LD   HL,(ARG1)   
3760   CD AD 38               CALL   PSHSTK   
3763   C3 91 2D               JP   MLOOP   
3766   CD C6 38     ZPOP:     CALL   POPSTK   
3769   3A 3C 3D               LD   A,(ARG1)   
376C   C3 CC 32               JP   VARPTR   
376F                             ; 
376F                             ; **********************************************************************
376F                             ; *                                                                    *
376F                             ; *                     ZORK - RANDOM ROUTINES                         *
376F                             ; *                                                                    *
376F                             ; **********************************************************************
376F                             ; 
376F   C5           RND:      PUSH   BC   
3770   0E 02                  LD   C,2   ;2 TIMES THROUGH LOOP
3772   06 08        RND2:     LD   B,8   
3774   21 2D 3D               LD   HL,SHIFT   
3777   7E                     LD   A,(HL)   
3778   07           RND1:     RLCA      
3779   07                     RLCA      
377A   07                     RLCA      
377B   AE                     XOR   (HL)   
377C   17                     RLA      
377D   17                     RLA      
377E   21 2D 3D               LD   HL,SHIFT   
3781   7E                     LD   A,(HL)   
3782   17                     RLA      
3783   77                     LD   (HL),A   
3784   23                     INC   HL   
3785   7E                     LD   A,(HL)   
3786   17                     RLA      
3787   77                     LD   (HL),A   
3788   23                     INC   HL   
3789   7E                     LD   A,(HL)   
378A   17                     RLA      
378B   77                     LD   (HL),A   
378C   23                     INC   HL   
378D   7E                     LD   A,(HL)   
378E   17                     RLA      
378F   77                     LD   (HL),A   
3790   05                     DEC   B   
3791   C2 78 37               JP   NZ,RND1   
3794   0D                     DEC   C   
3795   C2 72 37               JP   NZ,RND2   
3798   C1                     POP   BC   
3799   2A 2F 3D               LD   HL,(SHIFT+2)   ;GET THE NUMBER
379C   C9                     RET      
379D   C5           MULT:     PUSH   BC   ;DEHL <=DE*HL
379E   01 00 00               LD   BC,0   
37A1   3E 10                  LD   A,16   ;LOOP COUNTER
37A3   F5           MULT1:    PUSH   AF   
37A4   7B                     LD   A,E   
37A5   E6 01                  AND   1   ;CHECK BIT FOR ADD
37A7   CA AF 37               JP   Z,MULT2   ;SKIP ADD PART IF 0
37AA   E5                     PUSH   HL   ;SAVE MULTIPLIER
37AB   09                     ADD   HL,BC   ;ADD PART
37AC   44                     LD   B,H   
37AD   4D                     LD   C,L   
37AE   E1                     POP   HL   ;RESTORE H
37AF   78           MULT2:    LD   A,B   ;32 BIT SHIFT REMEMBERING CARRY
37B0   1F                     RRA      
37B1   47                     LD   B,A   
37B2   79                     LD   A,C   
37B3   1F                     RRA      
37B4   4F                     LD   C,A   
37B5   7A                     LD   A,D   
37B6   1F                     RRA      
37B7   57                     LD   D,A   
37B8   7B                     LD   A,E   
37B9   1F                     RRA      
37BA   5F                     LD   E,A   
37BB   F1                     POP   AF   ;GET BACK LOOP COUNT
37BC   3D                     DEC   A   
37BD   C2 A3 37               JP   NZ,MULT1   
37C0   62                     LD   H,D   ;PUT LOW ORDER ANSWER IN HL
37C1   6B                     LD   L,E   
37C2   50                     LD   D,B   ;HIGH PART IN DE
37C3   59                     LD   E,C   
37C4   C1                     POP   BC   
37C5   C9                     RET      
37C6   C5           DIVIDE:   PUSH   BC   ;HL<=HL/DE, REMAINDER IN DE
37C7   44                     LD   B,H   
37C8   4D                     LD   C,L   
37C9   7A                     LD   A,D   ;NEGATE DIVISOR
37CA   2F                     CPL      
37CB   57                     LD   D,A   
37CC   7B                     LD   A,E   
37CD   2F                     CPL      
37CE   5F                     LD   E,A   
37CF   13                     INC   DE   ;FOR TWO'S COMPLEMENT
37D0   21 00 00               LD   HL,0   ;INITIAL VALUE FOR REMAINDER
37D3   3E 11                  LD   A,17   ;INIT LOOP COUNTER
37D5   E5           DDIV0:    PUSH   HL   ;SAVE REMAINDER
37D6   19                     ADD   HL,DE   ;SUB DIVIS
37D7   D2 DB 37               JP   NC,DDIV1   ;UNDERFLOW, RESTORE HL
37DA   E3                     EX   (SP),HL   
37DB   E1           DDIV1:    POP   HL   
37DC   F5                     PUSH   AF   ;SAVE LOOP COUNTER
37DD   79                     LD   A,C   ;4 REG SHIFT LEFT
37DE   17                     RLA      ;WITH CARRY
37DF   4F                     LD   C,A   ;CY->C->B->L->H
37E0   78                     LD   A,B   
37E1   17                     RLA      
37E2   47                     LD   B,A   
37E3   7D                     LD   A,L   
37E4   17                     RLA      
37E5   6F                     LD   L,A   
37E6   7C                     LD   A,H   
37E7   17                     RLA      
37E8   67                     LD   H,A   
37E9   F1                     POP   AF   ;RESTORE LOOP COUNTER
37EA   3D                     DEC   A   ;DECREMENT IT
37EB   C2 D5 37               JP   NZ,DDIV0   ;KEEP LOOPING
37EE                             ;CLEANUP, SHIFT REMAINDER RIGHT AND RETURN IN DE
37EE   B7                     OR   A   
37EF   7C                     LD   A,H   
37F0   1F                     RRA      
37F1   57                     LD   D,A   
37F2   7D                     LD   A,L   
37F3   1F                     RRA      
37F4   5F                     LD   E,A   
37F5   60                     LD   H,B   
37F6   69                     LD   L,C   
37F7   C1                     POP   BC   
37F8   C9                     RET      
37F9   AF           SIGNC:    XOR   A   
37FA   32 3B 3D               LD   (SIGNF),A   ;SET SIGNF
37FD   CD 14 38               CALL   SIGNPC   ;POS CHECK
3800   EB                     EX   DE,HL   
3801   CD 14 38               CALL   SIGNPC   
3804   EB                     EX   DE,HL   
3805   C9                     RET      
3806   3A 3B 3D     SIGNS:    LD   A,(SIGNF)   ;CHECK FOR SIGN
3809   E6 01                  AND   1   ;EVEN OR ODD
380B   C8                     RET   Z   ;EVEN NUMBER OF NEGATIVES, 0ANSWER OK
380C   AF           SIGNCN:   XOR   A   ;CHANGE SIGN
380D   95                     SUB   L   
380E   6F                     LD   L,A   
380F   3E 00                  LD   A,0   
3811   9C                     SBC   A,H   
3812   67                     LD   H,A   ;INVERTED HL
3813   C9                     RET      
3814   7C           SIGNPC:   LD   A,H   
3815   B7                     OR   A   
3816   F0                     RET   P   ;POSITIVE
3817   3A 3B 3D               LD   A,(SIGNF)   
381A   3C                     INC   A   
381B   32 3B 3D               LD   (SIGNF),A   
381E   C3 0C 38               JP   SIGNCN   ;CHANGE SIGN
3821   3A 3C 3D     FLAGSU:   LD   A,(ARG1)   ;SETUP FOR FLAG ROUTINES
3824   CD 75 38               CALL   OBJLOC   ;BC WILL HAVE BIT POSITION, 0DE FLAG VALUE
3827   3A 3E 3D               LD   A,(ARG2)   ;HL WILL GET OBJ POINTER
382A   FE 10                  CP   16   
382C   DA 33 38               JP   C,FLGSU1   ;NEXT WORD
382F   D6 10                  SUB   16   ;SECOND SET OF FLAGS
3831   23                     INC   HL   
3832   23                     INC   HL   
3833   E5           FLGSU1:   PUSH   HL   
3834   47                     LD   B,A   
3835   3E 0F                  LD   A,15   
3837   90                     SUB   B   
3838   21 01 00               LD   HL,1   
383B   CA 43 38     FLGSU2:   JP   Z,FLGSU3   ;BIT IN POSITION
383E   29                     ADD   HL,HL   
383F   3D                     DEC   A   
3840   C3 3B 38               JP   FLGSU2   
3843   44           FLGSU3:   LD   B,H   
3844   4D                     LD   C,L   
3845   E1                     POP   HL   
3846   56                     LD   D,(HL)   
3847   23                     INC   HL   
3848   5E                     LD   E,(HL)   
3849   2B                     DEC   HL   
384A   C9                     RET      
384B   3A 3C 3D     PROPB:    LD   A,(ARG1)   ;BEG OF PROPERTY PART OF OBJECT
384E   CD 75 38               CALL   OBJLOC   
3851   11 07 00               LD   DE,7   
3854   19                     ADD   HL,DE   
3855   56                     LD   D,(HL)   
3856   23                     INC   HL   
3857   5E                     LD   E,(HL)   
3858   2A 5A 3D               LD   HL,(ZCODEP)   
385B   19                     ADD   HL,DE   
385C   7E                     LD   A,(HL)   ;LENGTH OF DESCRIPTION
385D   87                     ADD   A,A   ;*2
385E   3C                     INC   A   ;+1
385F   C3 89 3A               JP   HLOFF   ;INDEX AND RETURN
3862   7E           PROPN:    LD   A,(HL)   ;HL HAS REAL PROP POINTER
3863   E6 1F                  AND   1FH   
3865   C9                     RET      
3866   7E           PROPL:    LD   A,(HL)   ;PROP LENGTH, HL HAS REAL PROP POINTER
3867   07                     RLCA      
3868   07                     RLCA      
3869   07                     RLCA      
386A   E6 07                  AND   7   
386C   C9                     RET      
386D   CD 66 38     PROPNX:   CALL   PROPL   
3870   C6 02                  ADD   A,2   
3872   C3 89 3A               JP   HLOFF   ;NEXT PROP POINTER
3875   D5           OBJLOC:   PUSH   DE   ;GET OBJECT LOCATION, 0A HAS OBJECT NUMBER
3876   6F                     LD   L,A   
3877   26 00                  LD   H,0   
3879   54                     LD   D,H   
387A   5D                     LD   E,L   
387B   29                     ADD   HL,HL   
387C   29                     ADD   HL,HL   
387D   29                     ADD   HL,HL   
387E   19                     ADD   HL,DE   
387F   11 35 00               LD   DE,53   
3882   19                     ADD   HL,DE   ;9*NUMBER + 53
3883   E5                     PUSH   HL   ;OBJECT OFFSET
3884   2A 5A 3D               LD   HL,(ZCODEP)   
3887   11 0A 00               LD   DE,ZOBJEC   
388A   19                     ADD   HL,DE   
388B   56                     LD   D,(HL)   
388C   23                     INC   HL   
388D   5E                     LD   E,(HL)   
388E   2A 5A 3D               LD   HL,(ZCODEP)   
3891   19                     ADD   HL,DE   
3892   D1                     POP   DE   
3893   19                     ADD   HL,DE   ;REAL ADDRESS
3894   D1                     POP   DE   
3895   C9                     RET      
3896   2A 3C 3D     GETARG:   LD   HL,(ARG1)   
3899   EB                     EX   DE,HL   
389A   2A 3E 3D               LD   HL,(ARG2)   ;GET BOTH ARGS
389D   C9                     RET      
389E   7A           SHLGED:   LD   A,D   
389F   AC                     XOR   H   
38A0   F2 A6 38               JP   P,HLGEDE   ;BOTH OF SAME SIGN
38A3   7C                     LD   A,H   
38A4   BA                     CP   D   ;CARRY WILL BE SET IF D NEG AND THUS LESS THAN H
38A5   C9                     RET      
38A6   7A           HLGEDE:   LD   A,D   ;RETURN WITH CARRY SET IF HL>=DE
38A7   BC                     CP   H   
38A8   C0                     RET   NZ   
38A9   7D                     LD   A,L   
38AA   BB                     CP   E   
38AB   3F                     CCF      
38AC   C9                     RET      
38AD   D5           PSHSTK:   PUSH   DE   
38AE   EB                     EX   DE,HL   ;PUSH STACK
38AF   2A 26 29               LD   HL,(ZSTAKP)   ;STACK POINTER
38B2   2B                     DEC   HL   
38B3   73                     LD   (HL),E   
38B4   2B                     DEC   HL   
38B5   72                     LD   (HL),D   
38B6   22 26 29               LD   (ZSTAKP),HL   ;SAVE POINTER
38B9   21 29 3D               LD   HL,ZSTAKC   ;COUNT
38BC   34                     INC   (HL)   
38BD   7E                     LD   A,(HL)   
38BE   FE E0                  CP   ZSTAKL   
38C0   CC D9 21               CALL   Z,ZER   
38C3   EB                     EX   DE,HL   
38C4   D1                     POP   DE   
38C5   C9                     RET      
38C6                             ; ---------
38C6                             ; POP STACK
38C6                             ; ---------
38C6                             ; POP WORD OFF Z-STACK AND RETURN IT IN HL
38C6   D5           POPSTK:   PUSH   DE   ;SAVE DE
38C7   2A 26 29               LD   HL,(ZSTAKP)   ;HL <= Z-STACK POINTER
38CA   56                     LD   D,(HL)   ;GET MSB OF WORD
38CB   23                     INC   HL   
38CC   5E                     LD   E,(HL)   ;GET LSB OF WORD
38CD   23                     INC   HL   
38CE   22 26 29               LD   (ZSTAKP),HL   ;SAVE NEW Z-STACK POINTER
38D1   21 29 3D               LD   HL,ZSTAKC   ;CHECK COUNT
38D4   35                     DEC   (HL)   
38D5   CC D9 21               CALL   Z,ZER   ;OVER POP ERROR
38D8   EB                     EX   DE,HL   ;VALUE IN HL
38D9   D1                     POP   DE   ;RESTORE DE
38DA   C9                     RET      
38DB                             ; 
38DB                             ; **********************************************************************
38DB                             ; *                                                                    *
38DB                             ; *                     ZORK - PAGING ROUTINES                         *
38DB                             ; *                                                                    *
38DB                             ; **********************************************************************
38DB                             ; 
38DB   3A 4F 3D     NEXTPC:   LD   A,(ZPCFLG)   ;HAS PAGE MOVED?
38DE   B7                     OR   A   
38DF   CA 08 39               JP   Z,NXTPC1   ;PAGE HAS MOVED
38E2   2A 4D 3D               LD   HL,(ZPCPNT)   
38E5   46                     LD   B,(HL)   ;GET VALUE IN B
38E6   23                     INC   HL   
38E7   22 4D 3D               LD   (ZPCPNT),HL   ;STORE BACK POINTER
38EA   2A 27 3D               LD   HL,(ZPCL)   
38ED   2C                     INC   L   
38EE   22 27 3D               LD   (ZPCL),HL   ;ASSUME OK AT FIRST
38F1   78                     LD   A,B   
38F2   C0                     RET   NZ   ;OK IF L NOT ZERO
38F3   7C                     LD   A,H   ;CROSSED 256 BYTE BOUNDRY
38F4   24                     INC   H   
38F5   22 27 3D               LD   (ZPCL),HL   ;AGAIN ASSUME NOT PASSED 256 BOUNTRY
38F8   B7                     OR   A   
38F9   78                     LD   A,B   
38FA   C8                     RET   Z   ;DID NOT CROSS 512 BOUNDRY
38FB   AF                     XOR   A   
38FC   32 28 3D               LD   (ZPCL+1),A   ;0 ZPCL
38FF   32 4F 3D               LD   (ZPCFLG),A   ;BAD DATA IN PCPNT, WILL HAVE TO FETCH NEW BLOCK
3902   21 26 3D               LD   HL,ZPCH   ;INCREMENT ZPC HIGH
3905   34                     INC   (HL)   
3906   78                     LD   A,B   
3907   C9                     RET      ;RETURN, TROUBLE NEXT TIME
3908   3A 26 3D     NXTPC1:   LD   A,(ZPCH)   ;GET ZPAGE NUMBER
390B   21 3A 3D               LD   HL,ZMEMT   ;TOP OF LOW MEM
390E   BE                     CP   (HL)   
390F   2A 5A 3D               LD   HL,(ZCODEP)   ;PRELOAD PORTION
3912   DA 27 39               JP   C,NXTPCL   
3915   CD 90 3A               CALL   FNDPGE   
3918   32 50 3D               LD   (ZPCPG),A   ;STORE PAGE
391B   DA 3A 39               JP   C,NXTPC2   ;COULD NOT FIND PAGE, SWAP IT IN (OH WHAT A SHAME)
391E   CD 4A 3A     NXTPC3:   CALL   SPLICE   ;PUT AT TOP OF LIST
3921   3A 50 3D               LD   A,(ZPCPG)   ;SET UP POINTER TO PAGE
3924   2A 58 3D               LD   HL,(PGBUFP)   ;POINTER TO BEGINNING OF PAGE BUFFERS
3927                NXTPCL:      
3927   87                     ADD   A,A   
3928   84                     ADD   A,H   
3929   67                     LD   H,A   
392A   EB                     EX   DE,HL   ;DE NOW HAS POINTER TO BEG OF BUFFER
392B   2A 27 3D               LD   HL,(ZPCL)   
392E   19                     ADD   HL,DE   ;ADD IN OFFSET
392F   22 4D 3D               LD   (ZPCPNT),HL   ;ZPCPNT NOW VALID
3932   3E FF                  LD   A,0FFH   
3934   32 4F 3D               LD   (ZPCFLG),A   
3937   C3 DB 38               JP   NEXTPC   ;TRY AGAIN, THIS TIME IT WILL NOT FAIL
393A   21 57 3D     NXTPC2:   LD   HL,MPCPG   ;CHECK IF DISTROYING MPC
393D   BE                     CP   (HL)   
393E   C2 47 39               JP   NZ,NXTPC4   ;NOT DISTROYING PAGE
3941   47                     LD   B,A   
3942   AF                     XOR   A   
3943   32 56 3D               LD   (MPCFLG),A   
3946   78                     LD   A,B   
3947   2A 58 3D     NXTPC4:   LD   HL,(PGBUFP)   
394A   87                     ADD   A,A   
394B   84                     ADD   A,H   
394C   67                     LD   H,A   ;POINTER TO BEGINNING OF BUFFER
394D   3A 26 3D               LD   A,(ZPCH)   
3950   CD 24 22               CALL   GETDSK   
3953   3A 50 3D               LD   A,(ZPCPG)   
3956   47                     LD   B,A   
3957   21 E8 2A               LD   HL,PGTBL   
395A   CD 89 3A               CALL   HLOFF   
395D   3A 26 3D               LD   A,(ZPCH)   
3960   77                     LD   (HL),A   ;SET PAGE TABLE ENTRY
3961   78                     LD   A,B   
3962   C3 1E 39               JP   NXTPC3   ;PAGE NOW IN MEMORY
3965   7C           SETWRD:   LD   A,H   
3966   B7                     OR   A   
3967   1F                     RRA      
3968   32 51 3D               LD   (MPCH),A   
396B   7C           SETWR1:   LD   A,H   
396C   E6 01                  AND   1   
396E   67                     LD   H,A   
396F   22 52 3D               LD   (MPCL),HL   
3972   AF                     XOR   A   
3973   32 56 3D               LD   (MPCFLG),A   
3976   C9                     RET      
3977   7C           SETSTR:   LD   A,H   
3978   32 51 3D               LD   (MPCH),A   
397B   29                     ADD   HL,HL   
397C   C3 6B 39               JP   SETWR1   
397F   AF           GETFRE:   XOR   A   
3980   32 56 3D               LD   (MPCFLG),A   ;NO MEM PAGE LEFT
3983   3A 5E 3D               LD   A,(PGBOT)   
3986   32 57 3D               LD   (MPCPG),A   
3989   CD 17 3A               CALL   CKZPCP   
398C   CD 4A 3A               CALL   SPLICE   
398F   3A 57 3D               LD   A,(MPCPG)   
3992   47                     LD   B,A   
3993   2A 58 3D               LD   HL,(PGBUFP)   
3996   87                     ADD   A,A   
3997   84                     ADD   A,H   
3998   67                     LD   H,A   
3999   22 54 3D               LD   (MPCPNT),HL   
399C   78                     LD   A,B   
399D   21 E8 2A               LD   HL,PGTBL   
39A0   CD 89 3A               CALL   HLOFF   
39A3   36 00                  LD   (HL),0   
39A5   C9                     RET      
39A6   CD B1 39     GETWRD:   CALL   GETBYT   
39A9   F5                     PUSH   AF   
39AA   CD B1 39               CALL   GETBYT   ;GET A FULL WORD
39AD   6F                     LD   L,A   
39AE   F1                     POP   AF   
39AF   67                     LD   H,A   
39B0   C9                     RET      
39B1   3A 56 3D     GETBYT:   LD   A,(MPCFLG)   ;HAS PAGE MOVED?
39B4   B7                     OR   A   
39B5   CA DE 39               JP   Z,GETBT1   ;PAGE HAS MOVED
39B8   2A 54 3D               LD   HL,(MPCPNT)   
39BB   46                     LD   B,(HL)   ;GET VALUE IN B
39BC   23                     INC   HL   
39BD   22 54 3D               LD   (MPCPNT),HL   ;STORE BACK POINTER
39C0   2A 52 3D               LD   HL,(MPCL)   
39C3   2C                     INC   L   
39C4   22 52 3D               LD   (MPCL),HL   ;ASSUME OK AT FIRST
39C7   78                     LD   A,B   
39C8   C0                     RET   NZ   ;OK IF L NOT ZERO
39C9   7C                     LD   A,H   ;CROSSED 256 BYTE BOUNDRY
39CA   24                     INC   H   
39CB   22 52 3D               LD   (MPCL),HL   ;AGAIN ASSUME NOT PASSED 256 BOUNTRY
39CE   B7                     OR   A   
39CF   78                     LD   A,B   
39D0   C8                     RET   Z   ;DID NOT CROSS 512 BOUNDRY
39D1   AF                     XOR   A   
39D2   32 53 3D               LD   (MPCL+1),A   ;0 MPCL
39D5   32 56 3D               LD   (MPCFLG),A   ;BAD DATA IN PCPNT, WILL HAVE TO FETCH NEW BLOCK
39D8   21 51 3D               LD   HL,MPCH   ;INCREMENT ZPC HIGH
39DB   34                     INC   (HL)   
39DC   78                     LD   A,B   
39DD   C9                     RET      ;RETURN, TROUBLE NEXT TIME
39DE   3A 39 3D     GETBT1:   LD   A,(VERF)   
39E1   B7                     OR   A   
39E2   C2 23 3A               JP   NZ,GETB1A   ;IN VERIFY MODE
39E5   3A 51 3D               LD   A,(MPCH)   ;GET MPAGE NUMBER
39E8   21 3A 3D               LD   HL,ZMEMT   ;TOP OF LOW MEM
39EB   BE                     CP   (HL)   
39EC   2A 5A 3D               LD   HL,(ZCODEP)   ;PRELOAD PORTION
39EF   DA 04 3A               JP   C,GETBTL   
39F2   CD 90 3A               CALL   FNDPGE   
39F5   32 57 3D               LD   (MPCPG),A   ;STORE PAGE
39F8   DA 29 3A               JP   C,GETBT2   ;COULD NOT FIND PAGE, SWAP IT IN (OH WHAT A SHAME)
39FB   CD 4A 3A     GETBT3:   CALL   SPLICE   ;PUT AT TOP OF LIST
39FE   3A 57 3D               LD   A,(MPCPG)   ;SET UP POINTER TO PAGE
3A01   2A 58 3D               LD   HL,(PGBUFP)   ;POINTER TO BEGINNING OF PAGE BUFFERS
3A04                GETBTL:      
3A04   87                     ADD   A,A   
3A05   84                     ADD   A,H   
3A06   67                     LD   H,A   
3A07   EB                     EX   DE,HL   
3A08   2A 52 3D               LD   HL,(MPCL)   
3A0B   19                     ADD   HL,DE   
3A0C   22 54 3D               LD   (MPCPNT),HL   
3A0F   3E FF                  LD   A,0FFH   
3A11   32 56 3D               LD   (MPCFLG),A   
3A14   C3 B1 39               JP   GETBYT   ;TRY AGAIN, THIS TIME IT WILL NOT FAIL
3A17   21 50 3D     CKZPCP:   LD   HL,ZPCPG   ;CHECK IF DISTROYING ZPC
3A1A   BE                     CP   (HL)   
3A1B   C0                     RET   NZ   ;NOT DISTROYING PAGE
3A1C   47                     LD   B,A   
3A1D   AF                     XOR   A   
3A1E   32 4F 3D               LD   (ZPCFLG),A   
3A21   78                     LD   A,B   
3A22   C9                     RET      
3A23   3A 5E 3D     GETB1A:   LD   A,(PGBOT)   
3A26   32 57 3D               LD   (MPCPG),A   ;NEW PAGE
3A29   CD 17 3A     GETBT2:   CALL   CKZPCP   
3A2C   2A 58 3D               LD   HL,(PGBUFP)   
3A2F   87                     ADD   A,A   
3A30   84                     ADD   A,H   
3A31   67                     LD   H,A   ;POINTER TO BEGINNING OF BUFFER
3A32   3A 51 3D               LD   A,(MPCH)   
3A35   CD 24 22               CALL   GETDSK   
3A38   3A 57 3D               LD   A,(MPCPG)   
3A3B   47                     LD   B,A   
3A3C   21 E8 2A               LD   HL,PGTBL   
3A3F   CD 89 3A               CALL   HLOFF   
3A42   3A 51 3D               LD   A,(MPCH)   
3A45   77                     LD   (HL),A   ;SET PAGE TABLE ENTRY
3A46   78                     LD   A,B   
3A47   C3 FB 39               JP   GETBT3   ;PAGE NOW IN MEMORY
3A4A   4F           SPLICE:   LD   C,A   ;SPLICE PAGE IN A TO TOP OF LIST
3A4B   3A 5D 3D               LD   A,(PGTOP)   ;GET OLD TOP
3A4E   B9                     CP   C   
3A4F   C8                     RET   Z   ;SAME TOP AS LAST
3A50   47                     LD   B,A   
3A51   79                     LD   A,C   
3A52   32 5D 3D               LD   (PGTOP),A   ;NEW TOP
3A55   21 28 2B               LD   HL,PGTBLF   
3A58   CD 89 3A               CALL   HLOFF   
3A5B   5E                     LD   E,(HL)   ;E HAS OLD FORWARD POINTER
3A5C   70                     LD   (HL),B   ;NEW FORWARD TO OLD TOP
3A5D   21 68 2B               LD   HL,PGTBLB   
3A60   79                     LD   A,C   
3A61   CD 89 3A               CALL   HLOFF   
3A64   56                     LD   D,(HL)   ;D GETS OLD BACK POINTER
3A65   36 FF                  LD   (HL),0FFH   ;TOP HAS NO BACK
3A67   7A                     LD   A,D   
3A68   21 28 2B               LD   HL,PGTBLF   
3A6B   CD 89 3A               CALL   HLOFF   
3A6E   73                     LD   (HL),E   ;PATCH FORWARD POINTER
3A6F   78                     LD   A,B   
3A70   21 68 2B               LD   HL,PGTBLB   
3A73   CD 89 3A               CALL   HLOFF   
3A76   71                     LD   (HL),C   
3A77   7B                     LD   A,E   
3A78   3C                     INC   A   
3A79   CA 84 3A               JP   Z,SPLIC1   ;WAS LAST BLOCK WITHOUT FORWARD POINTER
3A7C   21 67 2B               LD   HL,PGTBLB-1   ;OFFSET INC A
3A7F   CD 89 3A               CALL   HLOFF   
3A82   72                     LD   (HL),D   ;SPLICE BACK POINTER
3A83   C9                     RET      
3A84   7A           SPLIC1:   LD   A,D   
3A85   32 5E 3D               LD   (PGBOT),A   ;NEW BOTTOM OF LIST
3A88   C9                     RET      
3A89                HLOFF:       
3A89   85                     ADD   A,L   ;INDIRECT HL THROUGH A
3A8A   6F                     LD   L,A   
3A8B   3E 00                  LD   A,0   
3A8D   8C                     ADC   A,H   
3A8E   67                     LD   H,A   
3A8F   C9                     RET      
3A90   21 5C 3D     FNDPGE:   LD   HL,NPGS   ;FIND PAGE IN A, RETURN WITH CARRY
3A93                             ;SET IF NOT FOUND.  A WILL HAVE FOUND PAGE OR
3A93                             ;BOTTOM OF PAGE LIST
3A93   46                     LD   B,(HL)   
3A94   0E 00                  LD   C,0   
3A96   21 E8 2A               LD   HL,PGTBL   
3A99   BE           FNDPGL:   CP   (HL)   
3A9A   CA A8 3A               JP   Z,FNDPG1   ;SUCCESS
3A9D   0C                     INC   C   
3A9E   23                     INC   HL   
3A9F   05                     DEC   B   
3AA0   C2 99 3A               JP   NZ,FNDPGL   
3AA3   3A 5E 3D               LD   A,(PGBOT)   ;NOT FOUND
3AA6   37                     SCF      ;SET CARRY AND RETURN BOTTOM
3AA7   C9                     RET      
3AA8   79           FNDPG1:   LD   A,C   
3AA9   C9                     RET      ;CARRY WILL BE CLEARED
3AAA                             ; 
3AAA                             ; **********************************************************************
3AAA                             ; *                                                                    *
3AAA                             ; *                     ZORK - STRING ROUTINES                         *
3AAA                             ; *                                                                    *
3AAA                             ; **********************************************************************
3AAA                             ; 
3AAA                             ; ---------------
3AAA                             ; PRINT Z-STRING
3AAA                             ; ---------------
3AAA   AF           PZSTR:    XOR   A   ;PRINT ZSTRING POINTED TO BY MPC (NOT REENTRENT)
3AAB   32 60 3D               LD   (CSPERM),A   ;PERMANENT CHARSET
3AAE   32 61 3D               LD   (STBYTF),A   ;RESET STRING BYTE FLAG
3AB1   3D                     DEC   A   
3AB2   32 5F 3D               LD   (CSTEMP),A   ;NO TEMP CHARSET IN EFFECT
3AB5   CD D0 3B     PZSTRL:   CALL   GETZCH   ;GET A Z-CHARACTER
3AB8   D8                     RET   C   ;END OF STRING IF CARRY SET
3AB9   47                     LD   B,A   
3ABA   B7                     OR   A   
3ABB   CA 70 3B               JP   Z,PZSTRS   ;0=SPACE
3ABE   FE 04                  CP   4   ;IS THIS AN F-WORD?
3AC0   DA 0F 3B               JP   C,PZFWRD   ;  YES.
3AC3   FE 06                  CP   6   ;IS IT A SHIFT CHAR?
3AC5   DA 88 3B               JP   C,PZSTRP   ;  YES. CHANGE CHAR SET
3AC8   CD BF 3B               CALL   GETMOD   
3ACB   B7                     OR   A   ;IS IT CHARSET 0?
3ACC   C2 D9 3A               JP   NZ,PZSTR1   ;  NOPE.
3ACF                             ;PRINT LOWER CASE CHAR (CHARSET 0)
3ACF   3E 5B                  LD   A,"a"-6   ;ASCII "a" MINUS Z-OFFSET
3AD1                PZSTP0:      
3AD1   80                     ADD   A,B   ;ADD CHARACTER
3AD2   4F                     LD   C,A   
3AD3   CD FA 23     PZSTP1:   CALL   COUT   ;PRINT RESULT
3AD6   C3 B5 3A               JP   PZSTRL   ;AND FETCH ANOTHER Z-CHAR
3AD9                             ;CHARSET 1 OR 2?
3AD9   3D           PZSTR1:   DEC   A   ;SET 1?
3ADA   C2 E2 3A               JP   NZ,PZSTR2   ;  NOPE, IT'S SET 2
3ADD                             ;PRINT UPPER-CASE CHAR (CHARSET 1)
3ADD   3E 3B                  LD   A,"A"-6   ;ASCII "A" MINUS Z-OFFSET
3ADF   C3 D1 3A               JP   PZSTP0   ;PROCESS IT
3AE2                             ;DECODE/PRINT CHARSET 2
3AE2   78           PZSTR2:   LD   A,B   ;MODE 2
3AE3   FE 06                  CP   6   ;DIRECT ASCII CHARACTER?
3AE5   CA F7 3A               JP   Z,PZSTRA   ;  YES.
3AE8   FE 07                  CP   7   ;CARRIAGE RETURN?
3AEA   CA 75 3B               JP   Z,PZSTRC   ;  YES.
3AED   21 9F 3B               LD   HL,CHRTBL-8   ;  NO. SUBTRACT OFFSET
3AF0   CD 89 3A               CALL   HLOFF   
3AF3   4E                     LD   C,(HL)   ;GET CHARACTER FROM TABLE
3AF4   C3 D3 3A               JP   PZSTP1   
3AF7   CD D0 3B     PZSTRA:   CALL   GETZCH   ;FORM CHARACTER FROM TWO BYTES
3AFA   0F                     RRCA      
3AFB   0F                     RRCA      
3AFC   0F                     RRCA      
3AFD   4F                     LD   C,A   
3AFE   C5                     PUSH   BC   
3AFF   CD D0 3B               CALL   GETZCH   
3B02   C1                     POP   BC   
3B03   81                     ADD   A,C   
3B04   4F                     LD   C,A   
3B05   FE 09                  CP   9   ;TAB?
3B07   C2 D3 3A               JP   NZ,PZSTP1   
3B0A   0E 20                  LD   C,20H   
3B0C   C3 D3 3A               JP   PZSTP1   ;PRINT IT
3B0F   3D           PZFWRD:   DEC   A   
3B10   87                     ADD   A,A   
3B11   87                     ADD   A,A   
3B12   87                     ADD   A,A   
3B13   87                     ADD   A,A   
3B14   87                     ADD   A,A   ;SET NUMBER -1 TIMES 32
3B15   32 48 3D               LD   (FWSET),A   
3B18   CD D0 3B               CALL   GETZCH   ;GET STRING NUMBER
3B1B   D8                     RET   C   ;BAD IF OUT OF CHARACTERS
3B1C   47                     LD   B,A   
3B1D   3A 60 3D               LD   A,(CSPERM)   ;PRINT ZSTRING POINTED TO BY MPC
3B20   67                     LD   H,A   ;MAKE IT REENTERENT
3B21   3A 61 3D               LD   A,(STBYTF)   
3B24   6F                     LD   L,A   
3B25   E5                     PUSH   HL   
3B26   2A 62 3D               LD   HL,(ZSTWRD)   
3B29   E5                     PUSH   HL   
3B2A   2A 52 3D               LD   HL,(MPCL)   
3B2D   E5                     PUSH   HL   
3B2E   2A 51 3D               LD   HL,(MPCH)   
3B31   E5                     PUSH   HL   
3B32   2A 49 3D               LD   HL,(FWORDS)   
3B35   3A 48 3D               LD   A,(FWSET)   
3B38   80                     ADD   A,B   ;ENTRY INTO 96 WORD TABLE
3B39   87                     ADD   A,A   
3B3A   CD 89 3A               CALL   HLOFF   ;POINTER TO SPECIAL STRING
3B3D   7E                     LD   A,(HL)   
3B3E   32 51 3D               LD   (MPCH),A   
3B41   23                     INC   HL   
3B42   6E                     LD   L,(HL)   
3B43   26 00                  LD   H,0   
3B45   29                     ADD   HL,HL   
3B46   22 52 3D               LD   (MPCL),HL   ;SET NEW MPC
3B49   AF                     XOR   A   
3B4A   32 56 3D               LD   (MPCFLG),A   ;MPCPNT NOT VALID
3B4D   CD AA 3A               CALL   PZSTR   ;PRINT SUB STRING (REENTRENT VERSION)
3B50   AF                     XOR   A   ;RESTORE REENTRENT VALUES
3B51   32 56 3D               LD   (MPCFLG),A   
3B54   E1                     POP   HL   
3B55   7D                     LD   A,L   
3B56   32 51 3D               LD   (MPCH),A   
3B59   E1                     POP   HL   
3B5A   22 52 3D               LD   (MPCL),HL   
3B5D   E1                     POP   HL   
3B5E   22 62 3D               LD   (ZSTWRD),HL   
3B61   E1                     POP   HL   
3B62   7C                     LD   A,H   
3B63   32 60 3D               LD   (CSPERM),A   
3B66   7D                     LD   A,L   
3B67   32 61 3D               LD   (STBYTF),A   
3B6A   CD BF 3B               CALL   GETMOD   
3B6D   C3 B5 3A               JP   PZSTRL   
3B70   0E 20        PZSTRS:   LD   C,20H   
3B72   C3 D3 3A               JP   PZSTP1   ;PRINT SPACE
3B75   0E 0D        PZSTRC:   LD   C,0DH   ;CR-LF
3B77   CD FA 23               CALL   COUT   
3B7A   0E 0A                  LD   C,0AH   
3B7C   C3 D3 3A               JP   PZSTP1   
3B7F   78           PZSTRT:   LD   A,B   ;SET TEMP MODE
3B80   D6 03                  SUB   3   
3B82   32 5F 3D               LD   (CSTEMP),A   
3B85   C3 B5 3A               JP   PZSTRL   
3B88   CD BF 3B     PZSTRP:   CALL   GETMOD   ;SET CHAR MODE
3B8B   B7                     OR   A   ;MODE 0 IS TEMPORARY
3B8C   CA 7F 3B               JP   Z,PZSTRT   
3B8F   3D                     DEC   A   
3B90   87                     ADD   A,A   
3B91   80                     ADD   A,B   
3B92   D6 04                  SUB   4   ;INDEX INTO PERMTB
3B94   E5                     PUSH   HL   
3B95   21 A3 3B               LD   HL,PERMTB   
3B98   CD 89 3A               CALL   HLOFF   
3B9B   7E                     LD   A,(HL)   
3B9C   E1                     POP   HL   
3B9D   32 60 3D               LD   (CSPERM),A   
3BA0   C3 B5 3A               JP   PZSTRL   
3BA3   01 00 00 02  PERMTB:   DB   1,0,0,2   
3BA7   30 31 32 33 34 35 36 37 38 39 2E 2C 21 3F 5F 23 CHRTBL:   DB   "0123456789.,!?_#"   
3BB7   27 22                  DB   $27,$22   
3BB9   2F                     DB   "/"   
3BBA   5C                     DB   0x5C   
3BBB   2D 3A 28 29            DB   "-:()"   
3BBF   3A 5F 3D     GETMOD:   LD   A,(CSTEMP)   
3BC2   3C                     INC   A   
3BC3   3A 60 3D               LD   A,(CSPERM)   
3BC6   C8                     RET   Z   ;RETURN WITH PERM MODE IF NO TEMP MODE
3BC7   E5                     PUSH   HL   
3BC8   21 5F 3D               LD   HL,CSTEMP   
3BCB   7E                     LD   A,(HL)   
3BCC   36 FF                  LD   (HL),0FFH   ;CLEAR MODE AFTER GETTING IT
3BCE   E1                     POP   HL   
3BCF   C9                     RET      
3BD0   3A 61 3D     GETZCH:   LD   A,(STBYTF)   ;FIND OUT WHICH BYTE
3BD3   B7                     OR   A   
3BD4   37                     SCF      
3BD5   F8                     RET   M   ;OUT OF CHARACTERS
3BD6   C2 E9 3B               JP   NZ,GETZH1   ;NOT FIRST BYTE
3BD9   3C                     INC   A   
3BDA   32 61 3D               LD   (STBYTF),A   
3BDD   CD A6 39               CALL   GETWRD   
3BE0   22 62 3D               LD   (ZSTWRD),HL   ;SAVE WORD
3BE3   7C                     LD   A,H   
3BE4   0F                     RRCA      
3BE5   0F                     RRCA      
3BE6   E6 1F                  AND   1FH   
3BE8   C9                     RET      
3BE9   3D           GETZH1:   DEC   A   
3BEA   C2 FC 3B               JP   NZ,GETZH2   ;LAST CHAR IN WORD
3BED   3E 02                  LD   A,2   
3BEF   32 61 3D               LD   (STBYTF),A   
3BF2   2A 62 3D               LD   HL,(ZSTWRD)   
3BF5   29                     ADD   HL,HL   
3BF6   29                     ADD   HL,HL   
3BF7   29                     ADD   HL,HL   
3BF8   7C                     LD   A,H   
3BF9   E6 1F                  AND   1FH   
3BFB   C9                     RET      
3BFC   AF           GETZH2:   XOR   A   
3BFD   32 61 3D               LD   (STBYTF),A   
3C00   2A 62 3D               LD   HL,(ZSTWRD)   
3C03   7C                     LD   A,H   
3C04   B7                     OR   A   
3C05   F2 0D 3C               JP   P,GETZH3   ;NOT LAST CHAR IN STRING
3C08   3E FF                  LD   A,0FFH   
3C0A   32 61 3D               LD   (STBYTF),A   ;INDICATE END OF STRING
3C0D   7D           GETZH3:   LD   A,L   
3C0E   E6 1F                  AND   1FH   
3C10   C9                     RET      
3C11   AF           CONZST:   XOR   A   ;CONVERT TO Z STRING
3C12   32 60 3D               LD   (CSPERM),A   
3C15   21 64 3D               LD   HL,ZSTBUO   ;POINTER TO OUTPUT BUFFER
3C18   06 06                  LD   B,6   ;OUTPUT 6 CHARACTERS TO CONVERT
3C1A   36 05        CONZSL:   LD   (HL),5   
3C1C   23                     INC   HL   
3C1D   05                     DEC   B   
3C1E   C2 1A 3C               JP   NZ,CONZSL   ;FILL BUFFER WITH PAD CHARACTERS
3C21   06 06                  LD   B,6   
3C23   11 64 3D               LD   DE,ZSTBUO   ;OUTPUT
3C26   21 31 3D               LD   HL,ZSTBUI   ;INPUT
3C29   4E           CNZSL1:   LD   C,(HL)   
3C2A   23                     INC   HL   
3C2B   79                     LD   A,C   
3C2C   B7                     OR   A   
3C2D   3E 05                  LD   A,5   
3C2F   CA 5E 3C               JP   Z,CNZSLO   ;BLANKS
3C32   79                     LD   A,C   
3C33   FE 20                  CP   " "   
3C35   3E 00                  LD   A,0   
3C37   CA 5E 3C               JP   Z,CNZSLO   ;SPACE
3C3A   D5           CNZSL2:   PUSH   DE   
3C3B   79                     LD   A,C   
3C3C   CD BC 3C               CALL   ZCHRCS   ;WHICH CHARACTER SET
3C3F   5F                     LD   E,A   ;E HAS CHARACTER SET OF CURRENT CHAR
3C40   3A 60 3D               LD   A,(CSPERM)   
3C43   BB                     CP   E   
3C44   CA 52 3C               JP   Z,CNZSLC   ;CONVERT THEN OUTPUT
3C47   7B                     LD   A,E   
3C48   C6 03                  ADD   A,3   
3C4A   D1                     POP   DE   
3C4B   12                     LD   (DE),A   ;OUTPUT TEMP SHIFT
3C4C   13                     INC   DE   
3C4D   05                     DEC   B   
3C4E   CA DB 3C               JP   Z,CNZSLE   
3C51   D5                     PUSH   DE   
3C52   79           CNZSLC:   LD   A,C   
3C53   D1                     POP   DE   
3C54   CD BC 3C               CALL   ZCHRCS   
3C57   3D                     DEC   A   
3C58   F2 67 3C               JP   P,CNZSC1   ;NOT LOWER CASE
3C5B   79                     LD   A,C   
3C5C   D6 5B                  SUB   "a"-6   
3C5E   12           CNZSLO:   LD   (DE),A   
3C5F   13                     INC   DE   
3C60   05                     DEC   B   
3C61   C2 29 3C               JP   NZ,CNZSL1   ;NEXT
3C64   C3 DB 3C               JP   CNZSLE   ;END
3C67   C2 70 3C     CNZSC1:   JP   NZ,CNZSC3   ;NOT UPPER CASE
3C6A   79                     LD   A,C   
3C6B   D6 3B                  SUB   "A"-6   
3C6D   C3 5E 3C               JP   CNZSLO   
3C70   79           CNZSC3:   LD   A,C   
3C71   FE 0D                  CP   0DH   
3C73   C2 82 3C               JP   NZ,CNZSC4   
3C76   7E                     LD   A,(HL)   
3C77   FE 0A                  CP   0AH   
3C79   C2 82 3C               JP   NZ,CNZSC4   
3C7C   23                     INC   HL   
3C7D   3E 07                  LD   A,7   
3C7F   C3 5E 3C               JP   CNZSLO   ;CR-LF
3C82   79           CNZSC4:   LD   A,C   
3C83   CD A3 3C               CALL   CNZS2M   
3C86   C2 5E 3C               JP   NZ,CNZSLO   ;FOUND IN TABLE
3C89   3E 06                  LD   A,6   
3C8B   12                     LD   (DE),A   
3C8C   13                     INC   DE   
3C8D   05                     DEC   B   
3C8E   CA DB 3C               JP   Z,CNZSLE   ;STORE ASCII VERSION
3C91   79                     LD   A,C   
3C92   07                     RLCA      
3C93   07                     RLCA      
3C94   07                     RLCA      
3C95   E6 03                  AND   3   
3C97   12                     LD   (DE),A   
3C98   13                     INC   DE   
3C99   05                     DEC   B   
3C9A   CA DB 3C               JP   Z,CNZSLE   
3C9D   79                     LD   A,C   
3C9E   E6 1F                  AND   1FH   
3CA0   C3 5E 3C               JP   CNZSLO   
3CA3   C5           CNZS2M:   PUSH   BC   
3CA4   E5                     PUSH   HL   
3CA5   21 BE 3B               LD   HL,CHRTBL+23   ;SEARCH TABLE
3CA8   06 18                  LD   B,24   
3CAA   BE           CNZS2L:   CP   (HL)   
3CAB   CA B6 3C               JP   Z,CNZS2P   ;FOUND
3CAE   2B                     DEC   HL   
3CAF   05                     DEC   B   
3CB0   C2 AA 3C               JP   NZ,CNZS2L   
3CB3   E1                     POP   HL   ;NOT FOUND
3CB4   C1                     POP   BC   
3CB5   C9                     RET      ;FAIL, ZERO SET
3CB6   78           CNZS2P:   LD   A,B   
3CB7   C6 07                  ADD   A,7   
3CB9   E1                     POP   HL   
3CBA   C1                     POP   BC   
3CBB   C9                     RET      ;PASSED, ZERO CLEARED
3CBC   FE 61        ZCHRCS:   CP   "a"   
3CBE   DA C8 3C               JP   C,ZCHRC1   
3CC1   FE 7B                  CP   "z"+1   
3CC3   D2 C8 3C               JP   NC,ZCHRC1   
3CC6   AF                     XOR   A   
3CC7   C9                     RET      ;SET 0
3CC8   FE 41        ZCHRC1:   CP   "A"   
3CCA   DA D5 3C               JP   C,ZCHRC2   
3CCD   FE 5B                  CP   "Z"+1   
3CCF   D2 D5 3C               JP   NC,ZCHRC2   
3CD2   3E 01                  LD   A,1   
3CD4   C9                     RET      
3CD5   B7           ZCHRC2:   OR   A   
3CD6   C8                     RET   Z   
3CD7   F8                     RET   M   ;END
3CD8   3E 02                  LD   A,2   
3CDA   C9                     RET      ;ELSE SET 2
3CDB   01 64 3D     CNZSLE:   LD   BC,ZSTBUO   ;CONVERT OUTPUT STRING
3CDE   21 00 00               LD   HL,0   
3CE1   54                     LD   D,H   
3CE2   CD FE 3C               CALL   CNZSE1   
3CE5   CD FE 3C               CALL   CNZSE1   
3CE8   CD FE 3C               CALL   CNZSE1   
3CEB   22 64 3D               LD   (ZSTBUO),HL   
3CEE   21 01 00               LD   HL,1   
3CF1   CD FE 3C               CALL   CNZSE1   
3CF4   CD FE 3C               CALL   CNZSE1   
3CF7   CD FE 3C               CALL   CNZSE1   
3CFA   22 66 3D               LD   (ZSTBUO+2),HL   
3CFD   C9                     RET      
3CFE   0A           CNZSE1:   LD   A,(BC)   
3CFF   03                     INC   BC   
3D00   5F                     LD   E,A   
3D01   29                     ADD   HL,HL   
3D02   29                     ADD   HL,HL   
3D03   29                     ADD   HL,HL   
3D04   29                     ADD   HL,HL   
3D05   29                     ADD   HL,HL   
3D06   19                     ADD   HL,DE   
3D07   C9                     RET      
3D08                             ; 
3D08                             ; **********************************************************************
3D08                             ; *                                                                    *
3D08                             ; *                     ZORK - DATA SECTION                            *
3D08                             ; *                                                                    *
3D08                             ; **********************************************************************
3D08                             ; 
3D08                SRND:        ;RANDOM INFO FOR SAVE, KEEP TOGETHER
3D08                LOCALS:   DS   15*2   ;STORAGE FOR LOCALS
3D26   00           ZPCH:     DB   0   ;HIGH ORDER 8 BITS OF ZPC
3D27   00 00        ZPCL:     DW   0   ;LOW ORDER 9 BITS OF ZPC
3D29   01           ZSTAKC:   DB   1   ;STACK COUNT, 1=>0 IMPLIES OVERPOP, NEG=> OVER PUSH
3D2A   00 00        OZSTKP:   DW   0   ;OLD ZSTACK POINTER
3D2C   00           OZSTKC:   DB   0   ;OLD ZSTACK COUNT
3D2D                             ; 
3D2D   6A 57 3C 99  SHIFT:    DB   6AH,57H,3CH,99H   
3D31                SRNDC:    EQU   $-SRND   
3D31                ZSTBUI:   DS   6   ;ZSTR INPUT BUFFER
3D37   FF                     DB   0FFH   ;END MARKER
3D38   01           NOLPT:    DB   1   ;NON ZERO IMPLIES DO NOT USE LPT
3D39   00           VERF:     DB   0   ;1 IF IN VERIFY MODE.
3D3A   01           ZMEMT:    DB   1   ;FIRST PAGE IN SWAPPING SPACE
3D3B                PURSTP:      ;END OF PURE
3D3B   00           SIGNF:    DB   0   ;STORAGE FOR SIGN IN MULT AND DIVIDE
3D3C   00 00        ARG1:     DW   0   ;OPERRAND 1
3D3E   00 00        ARG2:     DW   0   ;" 2
3D40   00 00        ARG3:     DW   0   ;" 3
3D42   00 00        ARG4:     DW   0   ;" 4
3D44   00           ARGCNT:   DB   0   ;ARG COUNT
3D45   00           OPCODE:   DB   0   ;CURRENT OPCODE
3D46   00 00        GLOBAL:   DW   0   ;POINTER TO GLOBAL 0
3D48   00           FWSET:    DB   0   ;TEMPORARY STORAGE FOR FWORDS CALCULATION
3D49   00 00        FWORDS:   DW   0   ;COMMON WORDS POINTER
3D4B   00 00        ZPCOFF:   DW   0   ;OFFSET FOR FAST JUMPS
3D4D   00 00        ZPCPNT:   DW   0   ;REAL POINTER TO PC
3D4F   00           ZPCFLG:   DB   0   ;0FFH IF VALID PC POINTER
3D50   00           ZPCPG:    DB   0   ;PAGE OF ZPC
3D51   00           MPCH:     DB   0   ;HIGH ORDER 8 BITS OF MEMORY POINTER
3D52   00 00        MPCL:     DW   0   ;LOW ORDER 9 BITS OF MEMPOINTER
3D54   00 00        MPCPNT:   DW   0   ;REAL POINTER TO MEMORY LOCATION
3D56   00           MPCFLG:   DB   0   ;0FF IF VALID MPCPNT
3D57   00           MPCPG:    DB   0   ;PAGE NUMBER OF PC PAGE
3D58                             ; 
3D58                             ;PAGE TABLES
3D58   00 00        PGBUFP:   DW   0   ;BUFFER POINTER
3D5A   00 00        ZCODEP:   DW   0   ;LOW MEM STARTING POINTER
3D5C                             ; 
3D5C   00           NPGS:     DB   0   ;NUMBER OF PAGES
3D5D   00           PGTOP:    DB   0   ;TOP OF LIST PAGE
3D5E   3F           PGBOT:    DB   MAXPGS-1   ;BOTTOM OF LIST
3D5F                             ; 
3D5F   00           CSTEMP:   DB   0   ;-1 IF NOT TEMP CHAR SET, 0ELSE SET
3D60   00           CSPERM:   DB   0   ;PERM CHARACTER SET
3D61   00           STBYTF:   DB   0   ;0 FOR FIRST BYTE, 1 FOR 2, 2 FOR 3, 0FFH FOR END
3D62   00 00        ZSTWRD:   DW   0   ;WORD STORRAGE
3D64                ZSTBUO:   DS   6   ;OUTPUT BUFFER
3D6A   00 00        RTABP:    DW   0   ;TEMP FOR ZREAD, RESULT TABLE POINTER
3D6C                             ; 
3D6C                ADVENTURE_BANNER:      
3D6C   00 00 00 00 00 00 00 00 00 00 00 00 00 00 00 00 DB   00h,00h,00h,00h,00h,00h,00h,00h,00h,00h,00h,00h,00h,00h,00h,00h   ; Row 0 - Top
3D7C   00 00 00 00 00 00 00 00 00 00 00 00 00 00 00 00 DB   00h,00h,00h,00h,00h,00h,00h,00h,00h,00h,00h,00h,00h,00h,00h,00h   
3D8C   00 00 00 00 00 00 00 00 00 00 00 00 00 00 00 00 DB   00h,00h,00h,00h,00h,00h,00h,00h,00h,00h,00h,00h,00h,00h,00h,00h   
3D9C   00 00 00 00 00 00 00 00 00 00 00 00 00 00 00 00 DB   00h,00h,00h,00h,00h,00h,00h,00h,00h,00h,00h,00h,00h,00h,00h,00h   
3DAC   20 20 00 00 00 00 00 00 00 00 00 00 00 00 00 00 DB   20h,20h,00h,00h,00h,00h,00h,00h,00h,00h,00h,00h,00h,00h,00h,00h   
3DBC   02 02 3F E0 00 00 00 00 00 00 00 00 00 00 00 00 DB   02h,02h,3Fh,0E0h,00h,00h,00h,00h,00h,00h,00h,00h,00h,00h,00h,00h   
3DCC   00 01 FF F9 00 00 00 00 00 00 00 00 00 00 00 00 DB   00h,01h,0FFh,0F9h,00h,00h,00h,00h,00h,00h,00h,00h,00h,00h,00h,00h   
3DDC   00 07 00 1C 00 00 00 00 00 00 00 00 00 00 00 00 DB   00h,07h,00h,1Ch,00h,00h,00h,00h,00h,00h,00h,00h,00h,00h,00h,00h   
3DEC   00 7C 00 0F 3F FF F8 FF FE 00 FE 00 00 00 00 00 DB   00h,7Ch,00h,0Fh,3Fh,0FFh,0F8h,0FFh,0FEh,00h,0FEh,00h,00h,00h,00h,00h   ; Row 8
3DFC   08 E0 00 0B 3F FF F8 FF FE 03 FF C0 00 00 00 00 DB   08h,0E0h,00h,0Bh,3Fh,0FFh,0F8h,0FFh,0FEh,03h,0FFh,0C0h,00h,00h,00h,00h   
3E0C   00 D0 81 01 BF FF F8 FF FE 0F FF C0 00 00 00 00 DB   00h,0D0h,81h,01h,0BFh,0FFh,0F8h,0FFh,0FEh,0Fh,0FFh,0C0h,00h,00h,00h,00h   
3E1C   01 C0 00 01 BF FF F8 FF FE 1F FF C0 00 00 00 00 DB   01h,0C0h,00h,01h,0BFh,0FFh,0F8h,0FFh,0FEh,1Fh,0FFh,0C0h,00h,00h,00h,00h   
3E2C   03 80 00 00 C0 7C 00 F8 00 3F 81 C0 00 00 00 00 DB   03h,80h,00h,00h,0C0h,7Ch,00h,0F8h,00h,3Fh,81h,0C0h,00h,00h,00h,00h   
3E3C   07 00 00 00 C0 7C 00 F8 00 3F 00 40 00 00 00 00 DB   07h,00h,00h,00h,0C0h,7Ch,00h,0F8h,00h,3Fh,00h,40h,00h,00h,00h,00h   
3E4C   16 82 00 08 60 7C 00 F8 00 7E 00 00 00 00 00 00 DB   16h,82h,00h,08h,60h,7Ch,00h,0F8h,00h,7Eh,00h,00h,00h,00h,00h,00h   
3E5C   0E 10 02 00 60 7C 00 F8 00 7C 00 00 20 00 00 00 DB   0Eh,10h,02h,00h,60h,7Ch,00h,0F8h,00h,7Ch,00h,00h,20h,00h,00h,00h   
3E6C   0C 00 00 01 60 7C 00 FF FC 7C 00 00 70 00 00 00 DB   0Ch,00h,00h,01h,60h,7Ch,00h,0FFh,0FCh,7Ch,00h,00h,70h,00h,00h,00h   ; Row 16
3E7C   18 00 00 00 60 7C 00 FF FC 7C 00 00 D8 00 00 00 DB   18h,00h,00h,00h,60h,7Ch,00h,0FFh,0FCh,7Ch,00h,00h,0D8h,00h,00h,00h   
3E8C   18 3F FF F8 30 7C 00 FF FC 7C 00 00 D8 00 00 00 DB   18h,3Fh,0FFh,0F8h,30h,7Ch,00h,0FFh,0FCh,7Ch,00h,00h,0D8h,00h,00h,00h   
3E9C   18 BF FF F8 30 7C 00 FF FC 7C 00 01 8C 00 00 00 DB   18h,0BFh,0FFh,0F8h,30h,7Ch,00h,0FFh,0FCh,7Ch,00h,01h,8Ch,00h,00h,00h   
3EAC   10 32 22 19 30 7C 00 F8 00 7C 00 01 DC 00 00 00 DB   10h,32h,22h,19h,30h,7Ch,00h,0F8h,00h,7Ch,00h,01h,0DCh,00h,00h,00h   
3EBC   30 32 22 18 30 7C 00 F8 00 7E 00 00 F8 00 00 00 DB   30h,32h,22h,18h,30h,7Ch,00h,0F8h,00h,7Eh,00h,00h,0F8h,00h,00h,00h   
3ECC   30 32 22 18 30 7C 00 F8 00 3F 00 40 F8 00 00 00 DB   30h,32h,22h,18h,30h,7Ch,00h,0F8h,00h,3Fh,00h,40h,0F8h,00h,00h,00h   
3EDC   30 32 22 18 18 7C 00 F8 00 3F 81 C0 70 04 00 00 DB   30h,32h,22h,18h,18h,7Ch,00h,0F8h,00h,3Fh,81h,0C0h,70h,04h,00h,00h   
3EEC   60 B2 22 18 18 7C 00 FF FE 1F FF C0 70 0E 00 00 DB   60h,0B2h,22h,18h,18h,7Ch,00h,0FFh,0FEh,1Fh,0FFh,0C0h,70h,0Eh,00h,00h   ; Row 24
3EFC   60 35 55 1A 18 7C 80 FF FE 0F FF C0 70 1C 00 00 DB   60h,35h,55h,1Ah,18h,7Ch,80h,0FFh,0FEh,0Fh,0FFh,0C0h,70h,1Ch,00h,00h   
3F0C   68 30 00 18 18 7C 80 FF FE 07 FF C0 70 3E 00 00 DB   68h,30h,00h,18h,18h,7Ch,80h,0FFh,0FEh,07h,0FFh,0C0h,70h,3Eh,00h,00h   
3F1C   60 30 00 18 18 7C 80 FF FE 00 FE 01 FC 76 00 00 DB   60h,30h,00h,18h,18h,7Ch,80h,0FFh,0FEh,00h,0FEh,01h,0FCh,76h,00h,00h   
3F2C   60 30 00 18 18 03 E0 00 00 00 00 01 FC 33 00 00 DB   60h,30h,00h,18h,18h,03h,0E0h,00h,00h,00h,00h,01h,0FCh,33h,00h,00h   
3F3C   60 30 00 18 18 00 00 00 00 00 00 00 70 3B 00 00 DB   60h,30h,00h,18h,18h,00h,00h,00h,00h,00h,00h,00h,70h,3Bh,00h,00h   
3F4C   60 30 00 18 18 00 00 00 00 00 00 00 70 11 80 00 DB   60h,30h,00h,18h,18h,00h,00h,00h,00h,00h,00h,00h,70h,11h,80h,00h   
3F5C   60 30 00 18 18 00 00 00 00 00 00 00 70 01 80 00 DB   60h,30h,00h,18h,18h,00h,00h,00h,00h,00h,00h,00h,70h,01h,80h,00h   
3F6C   60 30 00 18 18 00 00 00 00 00 00 00 70 00 C0 00 DB   60h,30h,00h,18h,18h,00h,00h,00h,00h,00h,00h,00h,70h,00h,0C0h,00h   ; Row 32
3F7C   60 30 00 18 18 00 00 00 00 00 00 00 70 00 C0 00 DB   60h,30h,00h,18h,18h,00h,00h,00h,00h,00h,00h,00h,70h,00h,0C0h,00h   
3F8C   60 30 00 18 19 80 00 C0 00 00 00 00 70 00 60 00 DB   60h,30h,00h,18h,19h,80h,00h,0C0h,00h,00h,00h,00h,70h,00h,60h,00h   
3F9C   60 30 00 18 19 FF FF C0 00 00 00 00 70 00 60 00 DB   60h,30h,00h,18h,19h,0FFh,0FFh,0C0h,00h,00h,00h,00h,70h,00h,60h,00h   
3FAC   60 30 00 18 18 C0 01 80 00 00 00 00 70 00 30 00 DB   60h,30h,00h,18h,18h,0C0h,01h,80h,00h,00h,00h,00h,70h,00h,30h,00h   
3FBC   60 30 00 18 18 F8 0F 80 00 00 00 00 70 00 30 00 DB   60h,30h,00h,18h,18h,0F8h,0Fh,80h,00h,00h,00h,00h,70h,00h,30h,00h   
3FCC   60 30 00 18 18 BF FE 80 00 00 00 00 70 00 18 00 DB   60h,30h,00h,18h,18h,0BFh,0FEh,80h,00h,00h,00h,00h,70h,00h,18h,00h   
3FDC   60 30 00 18 18 87 F0 80 00 00 00 00 70 00 18 00 DB   60h,30h,00h,18h,18h,87h,0F0h,80h,00h,00h,00h,00h,70h,00h,18h,00h   
3FEC   60 30 00 18 18 83 E0 80 00 00 00 00 70 00 0C 00 DB   60h,30h,00h,18h,18h,83h,0E0h,80h,00h,00h,00h,00h,70h,00h,0Ch,00h   ; Row 40
3FFC   60 30 00 18 18 83 E0 80 00 00 00 00 70 00 70 00 DB   60h,30h,00h,18h,18h,83h,0E0h,80h,00h,00h,00h,00h,70h,00h,70h,00h   
400C   60 30 00 18 18 80 00 80 00 00 00 00 70 00 9F F0 DB   60h,30h,00h,18h,18h,80h,00h,80h,00h,00h,00h,00h,70h,00h,9Fh,0F0h   
401C   60 30 00 18 18 80 00 80 00 00 00 00 70 00 9F F0 DB   60h,30h,00h,18h,18h,80h,00h,80h,00h,00h,00h,00h,70h,00h,9Fh,0F0h   
402C   60 30 00 18 18 80 00 80 00 00 00 00 70 00 9F F0 DB   60h,30h,00h,18h,18h,80h,00h,80h,00h,00h,00h,00h,70h,00h,9Fh,0F0h   
403C   60 30 00 18 18 FF FF 80 00 00 00 00 70 00 70 50 DB   60h,30h,00h,18h,18h,0FFh,0FFh,80h,00h,00h,00h,00h,70h,00h,70h,50h   
404C   00 00 00 00 00 00 00 00 00 00 00 00 00 00 00 40 DB   00h,00h,00h,00h,00h,00h,00h,00h,00h,00h,00h,00h,00h,00h,00h,40h   
405C   00 00 00 00 00 00 00 00 00 00 00 00 00 00 00 00 DB   00h,00h,00h,00h,00h,00h,00h,00h,00h,00h,00h,00h,00h,00h,00h,00h   
406C   FF FF FF FF FF FF FF FF FF FF FF FF FF FF FF FF DB   0FFh,0FFh,0FFh,0FFh,0FFh,0FFh,0FFh,0FFh,0FFh,0FFh,0FFh,0FFh,0FFh,0FFh,0FFh,0FFh   ; Row 48
407C   08 00 08 00 08 00 08 00 08 00 08 00 08 00 08 00 DB   08h,00h,08h,00h,08h,00h,08h,00h,08h,00h,08h,00h,08h,00h,08h,00h   
408C   08 00 08 00 08 00 08 00 08 00 08 00 08 00 08 00 DB   08h,00h,08h,00h,08h,00h,08h,00h,08h,00h,08h,00h,08h,00h,08h,00h   
409C   08 00 08 00 08 00 08 00 08 00 08 00 08 00 08 00 DB   08h,00h,08h,00h,08h,00h,08h,00h,08h,00h,08h,00h,08h,00h,08h,00h   
40AC   08 00 08 00 08 00 08 00 08 00 08 00 08 00 08 00 DB   08h,00h,08h,00h,08h,00h,08h,00h,08h,00h,08h,00h,08h,00h,08h,00h   
40BC   00 00 00 00 00 00 00 00 00 00 00 00 00 00 00 00 DB   00h,00h,00h,00h,00h,00h,00h,00h,00h,00h,00h,00h,00h,00h,00h,00h   
40CC   00 00 00 00 00 00 00 00 00 00 00 00 00 00 00 00 DB   00h,00h,00h,00h,00h,00h,00h,00h,00h,00h,00h,00h,00h,00h,00h,00h   
40DC   00 7F BF C3 7F 81 87 C6 19 F9 CD FF 8C F8 7E 00 DB   00h,7Fh,0BFh,0C3h,7Fh,81h,87h,0C6h,19h,0F9h,0CDh,0FFh,8Ch,0F8h,7Eh,00h   
40EC   00 0C 30 66 0C 03 C6 63 31 81 CC 31 8C CC 60 00 DB   00h,0Ch,30h,66h,0Ch,03h,0C6h,63h,31h,81h,0CCh,31h,8Ch,0CCh,60h,00h   ; Row 56
40FC   00 0C 30 66 0C 03 C6 33 31 81 CC 31 8C CC 60 00 DB   00h,0Ch,30h,66h,0Ch,03h,0C6h,33h,31h,81h,0CCh,31h,8Ch,0CCh,60h,00h   
410C   00 0C 3F 3C 0C 02 46 33 31 F9 AC 31 8C CC 7E 00 DB   00h,0Ch,3Fh,3Ch,0Ch,02h,46h,33h,31h,0F9h,0ACh,31h,8Ch,0CCh,7Eh,00h   
411C   00 0C 30 3C 0C 06 66 31 21 81 AC 31 8C F8 60 00 DB   00h,0Ch,30h,3Ch,0Ch,06h,66h,31h,21h,81h,0ACh,31h,8Ch,0F8h,60h,00h   
412C   00 0C 30 66 0C 07 E6 31 E1 81 9C 31 8C CC 60 00 DB   00h,0Ch,30h,66h,0Ch,07h,0E6h,31h,0E1h,81h,9Ch,31h,8Ch,0CCh,60h,00h   
413C   00 0C 30 66 0C 06 66 61 E1 81 9C 31 8C CC 60 00 DB   00h,0Ch,30h,66h,0Ch,06h,66h,61h,0E1h,81h,9Ch,31h,8Ch,0CCh,60h,00h   
414C   00 0C 3F C3 0C 0C 37 C0 C1 F9 9C 30 F8 C6 7E 00 DB   00h,0Ch,3Fh,0C3h,0Ch,0Ch,37h,0C0h,0C1h,0F9h,9Ch,30h,0F8h,0C6h,7Eh,00h   
415C   00 00 00 00 00 00 00 00 00 00 00 00 00 00 00 00 DB   00h,00h,00h,00h,00h,00h,00h,00h,00h,00h,00h,00h,00h,00h,00h,00h   ; Row 63 - Bottom
416C                LMEMRY:      ;LAST LOCATION IN MEMORY (label = end of binary)


FALSE:              0000 DEFINED AT LINE 20
TRUE:               00FF DEFINED AT LINE 21
CPLMAX:             0085 DEFINED AT LINE 24
                    > USED AT LINE 988
MAXPGS:             0040 DEFINED AT LINE 30
                    > USED AT LINE 998
                    > USED AT LINE 999
                    > USED AT LINE 1000
                    > USED AT LINE 1119
                    > USED AT LINE 1157
                    > USED AT LINE 1307
                    > USED AT LINE 1309
                    > USED AT LINE 4019
ROOMG:              0010 DEFINED AT LINE 31
                    > USED AT LINE 736
SCOREG:             0011 DEFINED AT LINE 32
                    > USED AT LINE 701
                    > USED AT LINE 745
MOVESG:             0012 DEFINED AT LINE 33
                    > USED AT LINE 706
                    > USED AT LINE 763
ZSTAKL:             00E0 DEFINED AT LINE 34
                    > USED AT LINE 996
                    > USED AT LINE 997
                    > USED AT LINE 1112
                    > USED AT LINE 3325
ZVERS:              0000 DEFINED AT LINE 37
ZSWAP:              0001 DEFINED AT LINE 38
                    > USED AT LINE 659
                    > USED AT LINE 1253
                    > USED AT LINE 1334
ZID:                0002 DEFINED AT LINE 39
ZENDLD:             0004 DEFINED AT LINE 40
                    > USED AT LINE 1195
                    > USED AT LINE 1208
                    > USED AT LINE 1290
ZSTART:             0006 DEFINED AT LINE 41
                    > USED AT LINE 1258
ZVOCAB:             0008 DEFINED AT LINE 42
                    > USED AT LINE 2892
ZOBJEC:             000A DEFINED AT LINE 43
                    > USED AT LINE 2435
                    > USED AT LINE 3282
ZGLOBA:             000C DEFINED AT LINE 44
                    > USED AT LINE 1270
ZPURBT:             000E DEFINED AT LINE 45
ZSCRIP:             0010 DEFINED AT LINE 46
                    > USED AT LINE 390
                    > USED AT LINE 539
ZSERNM:             0012 DEFINED AT LINE 47
ZFWORD:             0018 DEFINED AT LINE 48
                    > USED AT LINE 1280
ZCKLEN:             001A DEFINED AT LINE 49
                    > USED AT LINE 1908
ZCKSUM:             001C DEFINED AT LINE 50
                    > USED AT LINE 1934
ZSWAPF:             0001 DEFINED AT LINE 53
ZTIMEF:             0002 DEFINED AT LINE 54
                    > USED AT LINE 662
ZSPLIT:             0004 DEFINED AT LINE 55
ZTANDY:             0008 DEFINED AT LINE 56
ZSTATB:             0010 DEFINED AT LINE 57
                    > USED AT LINE 1342
LPDL:               0190 DEFINED AT LINE 60
                    > USED AT LINE 184
                    > USED AT LINE 995
API_DSKOPN:         003B DEFINED AT LINE 63
                    > USED AT LINE 1099
API_DSKRDB:         003C DEFINED AT LINE 64
                    > USED AT LINE 274
API_SEREBL:         0014 DEFINED AT LINE 65
                    > USED AT LINE 1065
API_TXBYTE:         0016 DEFINED AT LINE 66
                    > USED AT LINE 225
API_RXBYTE:         0017 DEFINED AT LINE 67
                    > USED AT LINE 469
API_MATSCN:         0012 DEFINED AT LINE 68
                    > USED AT LINE 480
API_MATPAR:         0036 DEFINED AT LINE 69
                    > USED AT LINE 482
API_MENUDR:         001F DEFINED AT LINE 70
                    > USED AT LINE 1036
                    > USED AT LINE 1047
API_MENUPP:         002F DEFINED AT LINE 71
                    > USED AT LINE 1042
                    > USED AT LINE 1053
API_INITGL:         0017 DEFINED AT LINE 72
                    > USED AT LINE 1073
API_SENDCH:         0018 DEFINED AT LINE 73
                    > USED AT LINE 229
API_AUTOLF:         001F DEFINED AT LINE 74
                    > USED AT LINE 836
                    > USED AT LINE 852
API_PLOTAW:         0021 DEFINED AT LINE 75
                    > USED AT LINE 478
                    > USED AT LINE 488
                    > USED AT LINE 1076
API_PLOTSC:         000C DEFINED AT LINE 76
                    > USED AT LINE 474
MENUID:             0897 DEFINED AT LINE 77
                    > USED AT LINE 1040
                    > USED AT LINE 1051
TOPRAM:             8000 DEFINED AT LINE 78
                    > USED AT LINE 200
TOPEXP:             BFFF DEFINED AT LINE 79
                    > USED AT LINE 206
START:              2000 DEFINED AT LINE 89
                    > USED AT LINE 886
MENUIO:             2003 DEFINED AT LINE 92
                    > USED AT LINE 1037
MENUGAME:           2045 DEFINED AT LINE 100
                    > USED AT LINE 1048
CPMCPL:             210E DEFINED AT LINE 138
                    > USED AT LINE 568
                    > USED AT LINE 709
                    > USED AT LINE 791
                    > USED AT LINE 1062
                    > USED AT LINE 1070
CPMLPP:             210F DEFINED AT LINE 139
                    > USED AT LINE 333
                    > USED AT LINE 823
                    > USED AT LINE 1064
                    > USED AT LINE 1072
                    > USED AT LINE 1178
CPMCLF:             2110 DEFINED AT LINE 141
                    > USED AT LINE 520
                    > USED AT LINE 941
CPMLLF:             2111 DEFINED AT LINE 142
CPMINV:             2112 DEFINED AT LINE 143
                    > USED AT LINE 502
ITRMST:             2113 DEFINED AT LINE 146
                    > USED AT LINE 1173
RTRMST:             2114 DEFINED AT LINE 148
                    > USED AT LINE 871
                    > USED AT LINE 884
BSTLIN:             2115 DEFINED AT LINE 150
                    > USED AT LINE 673
                    > USED AT LINE 688
                    > USED AT LINE 1338
ESTLIN:             2116 DEFINED AT LINE 152
                    > USED AT LINE 712
PSTUPS:             2117 DEFINED AT LINE 154
TWODSK:             2118 DEFINED AT LINE 156
GAMES:              2119 DEFINED AT LINE 159
                    > USED AT LINE 1096
ZORKMT:             21CF DEFINED AT LINE 175
                    > USED AT LINE 198
                    > USED AT LINE 208
ZORKIO:             21D1 DEFINED AT LINE 176
                    > USED AT LINE 221
                    > USED AT LINE 466
                    > USED AT LINE 1041
                    > USED AT LINE 1058
ZORKGM:             21D2 DEFINED AT LINE 177
                    > USED AT LINE 1052
                    > USED AT LINE 1083
CPMSTR:             21D3 DEFINED AT LINE 183
                    > USED AT LINE 90
ZER:                21D9 DEFINED AT LINE 191
                    > USED AT LINE 1222
                    > USED AT LINE 1257
                    > USED AT LINE 2456
                    > USED AT LINE 2589
                    > USED AT LINE 2596
                    > USED AT LINE 2715
                    > USED AT LINE 2725
                    > USED AT LINE 3326
                    > USED AT LINE 3343
GETTOP:             21DC DEFINED AT LINE 198
                    > USED AT LINE 1302
MEMTOP:             21E2 DEFINED AT LINE 200
                    > USED AT LINE 1218
MT1:                21F1 DEFINED AT LINE 207
                    > USED AT LINE 199
                    > USED AT LINE 205
CHROUT:             21FD DEFINED AT LINE 220
                    > USED AT LINE 246
                    > USED AT LINE 451
                    > USED AT LINE 509
                    > USED AT LINE 519
                    > USED AT LINE 524
                    > USED AT LINE 619
                    > USED AT LINE 840
                    > USED AT LINE 844
                    > USED AT LINE 849
                    > USED AT LINE 931
                    > USED AT LINE 948
CHROUTMATR:         220A DEFINED AT LINE 228
                    > USED AT LINE 223
PCSTR:              220E DEFINED AT LINE 237
                    > USED AT LINE 689
                    > USED AT LINE 713
                    > USED AT LINE 872
                    > USED AT LINE 885
                    > USED AT LINE 1174
PCSTRL:             220F DEFINED AT LINE 238
                    > USED AT LINE 252
PCPST:              2222 DEFINED AT LINE 255
SETFIL:             2223 DEFINED AT LINE 258
GETDSK:             2224 DEFINED AT LINE 266
                    > USED AT LINE 1190
                    > USED AT LINE 1245
                    > USED AT LINE 3415
                    > USED AT LINE 3539
MOVIT:              224C DEFINED AT LINE 289
                    > USED AT LINE 294
FASTLDIR:           2255 DEFINED AT LINE 298
                    > USED AT LINE 280
FASTLDIR_LOOP:      2266 DEFINED AT LINE 313
                    > USED AT LINE 305
                    > USED AT LINE 330
READBF:             228A DEFINED AT LINE 333
                    > USED AT LINE 2748
READB1:             22A1 DEFINED AT LINE 343
                    > USED AT LINE 353
                    > USED AT LINE 368
                    > USED AT LINE 372
                    > USED AT LINE 376
                    > USED AT LINE 438
READB2:             22CE DEFINED AT LINE 362
                    > USED AT LINE 358
                    > USED AT LINE 360
RDBFRO:             22D9 DEFINED AT LINE 370
                    > USED AT LINE 345
                    > USED AT LINE 347
                    > USED AT LINE 444
                    > USED AT LINE 446
COUTBS:             22E7 DEFINED AT LINE 378
                    > USED AT LINE 375
RDBFCR:             22F6 DEFINED AT LINE 385
                    > USED AT LINE 349
                    > USED AT LINE 442
RDBFC3:             2314 DEFINED AT LINE 402
                    > USED AT LINE 410
RDBFC4:             231C DEFINED AT LINE 406
                    > USED AT LINE 404
RDBFC2:             2325 DEFINED AT LINE 411
                    > USED AT LINE 394
                    > USED AT LINE 399
RDBFC1:             232F DEFINED AT LINE 418
                    > USED AT LINE 415
RDBFRT:             2334 DEFINED AT LINE 422
                    > USED AT LINE 351
RDBFR1:             233D DEFINED AT LINE 427
                    > USED AT LINE 434
RDBFR2:             234B DEFINED AT LINE 436
                    > USED AT LINE 429
RDBFFL:             2350 DEFINED AT LINE 440
                    > USED AT LINE 367
                    > USED AT LINE 455
CIN:                2370 DEFINED AT LINE 463
                    > USED AT LINE 343
                    > USED AT LINE 440
                    > USED AT LINE 833
CIN1:               2380 DEFINED AT LINE 472
                    > USED AT LINE 468
CINL:               2388 DEFINED AT LINE 480
                    > USED AT LINE 484
CIN2:               2398 DEFINED AT LINE 491
                    > USED AT LINE 471
COUTD:              23A3 DEFINED AT LINE 500
                    > USED AT LINE 566
PCRLFD:             23BB DEFINED AT LINE 515
                    > USED AT LINE 418
                    > USED AT LINE 426
                    > USED AT LINE 656
PCRLD1:             23CF DEFINED AT LINE 525
                    > USED AT LINE 522
POPRET:             23DB DEFINED AT LINE 530
                    > USED AT LINE 513
                    > USED AT LINE 544
LPCHK:              23DF DEFINED AT LINE 535
                    > USED AT LINE 526
                    > USED AT LINE 623
COUTCR:             23F2 DEFINED AT LINE 546
                    > USED AT LINE 561
PCRLF:              23F8 DEFINED AT LINE 549
                    > USED AT LINE 894
                    > USED AT LINE 901
                    > USED AT LINE 956
                    > USED AT LINE 1837
                    > USED AT LINE 1887
COUT:               23FA DEFINED AT LINE 550
                    > USED AT LINE 355
                    > USED AT LINE 379
                    > USED AT LINE 381
                    > USED AT LINE 383
                    > USED AT LINE 431
                    > USED AT LINE 705
                    > USED AT LINE 735
                    > USED AT LINE 760
                    > USED AT LINE 767
                    > USED AT LINE 777
                    > USED AT LINE 779
                    > USED AT LINE 787
                    > USED AT LINE 802
                    > USED AT LINE 862
                    > USED AT LINE 3009
                    > USED AT LINE 3036
                    > USED AT LINE 3042
                    > USED AT LINE 3045
                    > USED AT LINE 3645
                    > USED AT LINE 3739
COUT1:              2417 DEFINED AT LINE 564
                    > USED AT LINE 555
CORET:              2437 DEFINED AT LINE 578
                    > USED AT LINE 547
                    > USED AT LINE 563
FLSLIN:             243B DEFINED AT LINE 583
                    > USED AT LINE 336
LINOUT:             2446 DEFINED AT LINE 589
                    > USED AT LINE 655
LINOT1:             245A DEFINED AT LINE 600
                    > USED AT LINE 605
LINFUL:             2465 DEFINED AT LINE 606
                    > USED AT LINE 587
                    > USED AT LINE 597
LINOT2:             246C DEFINED AT LINE 609
                    > USED AT LINE 602
LINOT3:             2476 DEFINED AT LINE 615
                    > USED AT LINE 629
LINOT6:             248B DEFINED AT LINE 630
                    > USED AT LINE 614
LINOT7:             2497 DEFINED AT LINE 639
                    > USED AT LINE 636
LINOT4:             24A0 DEFINED AT LINE 642
                    > USED AT LINE 647
LINOT5:             24A8 DEFINED AT LINE 648
                    > USED AT LINE 640
LINOTR:             24B4 DEFINED AT LINE 652
                    > USED AT LINE 586
                    > USED AT LINE 592
LINOCR:             24B6 DEFINED AT LINE 655
                    > USED AT LINE 546
                    > USED AT LINE 570
TMCHK:              24BC DEFINED AT LINE 658
                    > USED AT LINE 696
CLEARS:             24C7 DEFINED AT LINE 665
                    > USED AT LINE 557
                    > USED AT LINE 559
LPTO:               24C8 DEFINED AT LINE 669
                    > USED AT LINE 408
                    > USED AT LINE 543
LPINIT:             24C9 DEFINED AT LINE 671
WHOLIN:             24CA DEFINED AT LINE 673
                    > USED AT LINE 828
                    > USED AT LINE 1894
                    > USED AT LINE 2738
WHOLN2:             251D DEFINED AT LINE 709
                    > USED AT LINE 780
WHOLN1:             254E DEFINED AT LINE 734
                    > USED AT LINE 698
                    > USED AT LINE 742
WHOLT:              255C DEFINED AT LINE 742
                    > USED AT LINE 697
WHOLT0:             2575 DEFINED AT LINE 754
                    > USED AT LINE 750
WHOLT1:             257D DEFINED AT LINE 758
                    > USED AT LINE 752
                    > USED AT LINE 755
WHOLT2:             25A1 DEFINED AT LINE 777
                    > USED AT LINE 773
                    > USED AT LINE 775
CHRPOS:             25AC DEFINED AT LINE 782
                    > USED AT LINE 711
                    > USED AT LINE 789
                    > USED AT LINE 797
                    > USED AT LINE 809
POSPST:             25BB DEFINED AT LINE 791
                    > USED AT LINE 700
                    > USED AT LINE 744
POSPS2:             25CC DEFINED AT LINE 800
                    > USED AT LINE 804
POSPS1:             25D6 DEFINED AT LINE 807
                    > USED AT LINE 793
WHOMSG:             25DC DEFINED AT LINE 811
                    > USED AT LINE 699
WHOTMS:             25E4 DEFINED AT LINE 815
                    > USED AT LINE 743
MORMSG:             25EB DEFINED AT LINE 820
                    > USED AT LINE 831
LMORE:              0015 DEFINED AT LINE 821
                    > USED AT LINE 841
MORE:               2600 DEFINED AT LINE 823
                    > USED AT LINE 529
MORE1:              2624 DEFINED AT LINE 842
                    > USED AT LINE 847
PNTTIM:             263E DEFINED AT LINE 859
                    > USED AT LINE 765
QUIT:               264C DEFINED AT LINE 866
                    > USED AT LINE 1881
RESTAR:             2653 DEFINED AT LINE 878
                    > USED AT LINE 191
                    > USED AT LINE 1862
SAVE:               265C DEFINED AT LINE 891
                    > USED AT LINE 1850
SAVMSG:             266C DEFINED AT LINE 899
                    > USED AT LINE 892
SRCLOS:             2686 DEFINED AT LINE 901
SFAIL:              2690 DEFINED AT LINE 906
SRFAIL:             2690 DEFINED AT LINE 907
SFAIL1:             2690 DEFINED AT LINE 908
UPPER:              2697 DEFINED AT LINE 912
MSGOUT:             26A0 DEFINED AT LINE 923
                    > USED AT LINE 832
                    > USED AT LINE 893
                    > USED AT LINE 939
                    > USED AT LINE 955
                    > USED AT LINE 1904
                    > USED AT LINE 1906
MSGCRC:             26B7 DEFINED AT LINE 941
                    > USED AT LINE 934
RESTOR:             26C5 DEFINED AT LINE 953
                    > USED AT LINE 1856
RSTMSG:             26D5 DEFINED AT LINE 961
                    > USED AT LINE 954
LFILS:              26F2 DEFINED AT LINE 964
LFILD:              26FB DEFINED AT LINE 969
LFILP:              26FF DEFINED AT LINE 972
LFILR:              2703 DEFINED AT LINE 975
                    > USED AT LINE 967
                    > USED AT LINE 970
                    > USED AT LINE 973
LFILC:              2705 DEFINED AT LINE 978
STAFLG:             2706 DEFINED AT LINE 982
                    > USED AT LINE 503
                    > USED AT LINE 695
                    > USED AT LINE 716
COUTDC:             2707 DEFINED AT LINE 983
                    > USED AT LINE 500
                    > USED AT LINE 691
                    > USED AT LINE 782
RDFLG:              2708 DEFINED AT LINE 984
                    > USED AT LINE 492
                    > USED AT LINE 1323
PRFLG:              2709 DEFINED AT LINE 985
DBUFP:              270A DEFINED AT LINE 986
                    > USED AT LINE 266
                    > USED AT LINE 278
                    > USED AT LINE 283
                    > USED AT LINE 286
NCHARS:             270C DEFINED AT LINE 987
                    > USED AT LINE 567
                    > USED AT LINE 571
                    > USED AT LINE 573
                    > USED AT LINE 584
                    > USED AT LINE 590
                    > USED AT LINE 607
                    > USED AT LINE 633
                    > USED AT LINE 639
                    > USED AT LINE 649
                    > USED AT LINE 1182
CHARS:              270D DEFINED AT LINE 988
                    > USED AT LINE 611
                    > USED AT LINE 641
                    > USED AT LINE 648
                    > USED AT LINE 989
                    > USED AT LINE 1183
CHRPNT:             2792 DEFINED AT LINE 989
                    > USED AT LINE 574
                    > USED AT LINE 577
                    > USED AT LINE 598
                    > USED AT LINE 606
                    > USED AT LINE 651
                    > USED AT LINE 1184
FILTYP:             2794 DEFINED AT LINE 991
                    > USED AT LINE 966
                    > USED AT LINE 1102
MORCNT:             2795 DEFINED AT LINE 992
                    > USED AT LINE 335
                    > USED AT LINE 527
                    > USED AT LINE 1180
PDL:                2796 DEFINED AT LINE 995
                    > USED AT LINE 184
ZSTAKP:             2926 DEFINED AT LINE 996
                    > USED AT LINE 1113
                    > USED AT LINE 2139
                    > USED AT LINE 2678
                    > USED AT LINE 3316
                    > USED AT LINE 3321
                    > USED AT LINE 3335
                    > USED AT LINE 3340
ZSTACK:             2928 DEFINED AT LINE 997
                    > USED AT LINE 996
                    > USED AT LINE 1112
PGTBL:              2AE8 DEFINED AT LINE 998
                    > USED AT LINE 1001
                    > USED AT LINE 1002
                    > USED AT LINE 1118
                    > USED AT LINE 3418
                    > USED AT LINE 3456
                    > USED AT LINE 3542
                    > USED AT LINE 3598
PGTBLF:             2B28 DEFINED AT LINE 999
                    > USED AT LINE 1001
                    > USED AT LINE 1313
                    > USED AT LINE 3556
                    > USED AT LINE 3566
PGTBLB:             2B68 DEFINED AT LINE 1000
                    > USED AT LINE 1002
                    > USED AT LINE 3560
                    > USED AT LINE 3570
                    > USED AT LINE 3576
PGTFD:              0040 DEFINED AT LINE 1001
                    > USED AT LINE 1127
                    > USED AT LINE 1151
PGTBD:              0080 DEFINED AT LINE 1002
                    > USED AT LINE 1136
VRS:                2BA8 DEFINED AT LINE 1004
                    > USED AT LINE 1903
VRLINE:             2BB9 DEFINED AT LINE 1007
                    > USED AT LINE 1905
BODY:               2BC5 DEFINED AT LINE 1020
                    > USED AT LINE 185
SETINP:             2BE3 DEFINED AT LINE 1039
                    > USED AT LINE 97
                    > USED AT LINE 99
SETGAME:            2BF2 DEFINED AT LINE 1050
                    > USED AT LINE 105
                    > USED AT LINE 107
                    > USED AT LINE 109
                    > USED AT LINE 111
                    > USED AT LINE 113
                    > USED AT LINE 115
                    > USED AT LINE 117
                    > USED AT LINE 119
                    > USED AT LINE 121
                    > USED AT LINE 123
                    > USED AT LINE 125
                    > USED AT LINE 127
                    > USED AT LINE 129
                    > USED AT LINE 131
INITGLCD:           2C12 DEFINED AT LINE 1068
                    > USED AT LINE 1060
BODYCNT:            2C24 DEFINED AT LINE 1079
                    > USED AT LINE 1067
BODY2:              2C43 DEFINED AT LINE 1105
                    > USED AT LINE 1103
START1:             2C54 DEFINED AT LINE 1121
                    > USED AT LINE 1147
START2:             2CDF DEFINED AT LINE 1235
                    > USED AT LINE 1249
START3:             2CF4 DEFINED AT LINE 1251
                    > USED AT LINE 1237
STAR3A:             2D53 DEFINED AT LINE 1310
                    > USED AT LINE 1308
START4:             2D72 DEFINED AT LINE 1325
                    > USED AT LINE 1327
START5:             2D90 DEFINED AT LINE 1343
                    > USED AT LINE 1341
MLOOP:              2D91 DEFINED AT LINE 1355
                    > USED AT LINE 1539
                    > USED AT LINE 1604
                    > USED AT LINE 1679
                    > USED AT LINE 1686
                    > USED AT LINE 1813
                    > USED AT LINE 1844
                    > USED AT LINE 1876
                    > USED AT LINE 1888
                    > USED AT LINE 1895
                    > USED AT LINE 2022
                    > USED AT LINE 2029
                    > USED AT LINE 2055
                    > USED AT LINE 2062
                    > USED AT LINE 2121
                    > USED AT LINE 2191
                    > USED AT LINE 2338
                    > USED AT LINE 2354
                    > USED AT LINE 2363
                    > USED AT LINE 2386
                    > USED AT LINE 2390
                    > USED AT LINE 2680
                    > USED AT LINE 2696
                    > USED AT LINE 2707
                    > USED AT LINE 2730
                    > USED AT LINE 2734
                    > USED AT LINE 2764
                    > USED AT LINE 2768
                    > USED AT LINE 3010
                    > USED AT LINE 3014
                    > USED AT LINE 3058
OPEXT:              2DAA DEFINED AT LINE 1368
OPEXTL:             2DB3 DEFINED AT LINE 1372
                    > USED AT LINE 1398
OPEXTF:             2DDE DEFINED AT LINE 1402
                    > USED AT LINE 1384
OPDSPH:             2DF0 DEFINED AT LINE 1412
                    > USED AT LINE 1433
                    > USED AT LINE 1452
                    > USED AT LINE 1472
OP0:                2E01 DEFINED AT LINE 1429
                    > USED AT LINE 1364
OP1:                2E0E DEFINED AT LINE 1437
                    > USED AT LINE 1362
OP2:                2E37 DEFINED AT LINE 1456
                    > USED AT LINE 1360
OP2EX:              2E58 DEFINED AT LINE 1468
                    > USED AT LINE 1405
GETSHT:             2E65 DEFINED AT LINE 1481
                    > USED AT LINE 1380
                    > USED AT LINE 1440
                    > USED AT LINE 1458
                    > USED AT LINE 1463
GETLNG:             2E6E DEFINED AT LINE 1490
                    > USED AT LINE 1376
                    > USED AT LINE 1438
GETVAR:             2E7B DEFINED AT LINE 1502
                    > USED AT LINE 1378
                    > USED AT LINE 1442
                    > USED AT LINE 1457
                    > USED AT LINE 1462
GETVR1:             2E83 DEFINED AT LINE 1506
                    > USED AT LINE 1576
GETVRL:             2E88 DEFINED AT LINE 1508
GETVL1:             2E90 DEFINED AT LINE 1513
                    > USED AT LINE 1526
GETVRG:             2E97 DEFINED AT LINE 1521
                    > USED AT LINE 1507
GETVRS:             2EA3 DEFINED AT LINE 1528
                    > USED AT LINE 1505
RET0:               2EA8 DEFINED AT LINE 1535
                    > USED AT LINE 2473
                    > USED AT LINE 2497
PUTBYT:             2EA9 DEFINED AT LINE 1536
                    > USED AT LINE 2015
                    > USED AT LINE 2502
PUTVAL:             2EAC DEFINED AT LINE 1538
                    > USED AT LINE 2002
                    > USED AT LINE 2172
                    > USED AT LINE 2199
                    > USED AT LINE 2212
                    > USED AT LINE 2297
                    > USED AT LINE 2310
                    > USED AT LINE 2403
                    > USED AT LINE 2417
                    > USED AT LINE 2450
                    > USED AT LINE 2461
                    > USED AT LINE 2465
                    > USED AT LINE 2486
                    > USED AT LINE 2509
                    > USED AT LINE 2518
                    > USED AT LINE 2533
                    > USED AT LINE 2578
                    > USED AT LINE 2608
                    > USED AT LINE 3054
PUTVLC:             2EB2 DEFINED AT LINE 1541
                    > USED AT LINE 1538
                    > USED AT LINE 1986
PUTVR1:             2EB7 DEFINED AT LINE 1544
                    > USED AT LINE 1585
PUTVLL:             2EC1 DEFINED AT LINE 1549
PUTVL1:             2EC9 DEFINED AT LINE 1554
                    > USED AT LINE 1565
PUTVLG:             2ECE DEFINED AT LINE 1560
                    > USED AT LINE 1548
VARGET:             2EDA DEFINED AT LINE 1574
                    > USED AT LINE 702
                    > USED AT LINE 707
                    > USED AT LINE 737
                    > USED AT LINE 746
                    > USED AT LINE 764
                    > USED AT LINE 2032
                    > USED AT LINE 2040
                    > USED AT LINE 2198
VARGTS:             2EDF DEFINED AT LINE 1578
VARPUT:             2EE6 DEFINED AT LINE 1584
                    > USED AT LINE 2035
                    > USED AT LINE 2362
VARPTS:             2EEA DEFINED AT LINE 1587
PREDF:              2EF2 DEFINED AT LINE 1599
                    > USED AT LINE 897
                    > USED AT LINE 910
                    > USED AT LINE 959
                    > USED AT LINE 1946
                    > USED AT LINE 1960
                    > USED AT LINE 1990
                    > USED AT LINE 2226
                    > USED AT LINE 2235
                    > USED AT LINE 2256
                    > USED AT LINE 2269
                    > USED AT LINE 2284
                    > USED AT LINE 2324
                    > USED AT LINE 2602
PREDNB:             2EF9 DEFINED AT LINE 1602
                    > USED AT LINE 1610
PREDS:              2F01 DEFINED AT LINE 1608
                    > USED AT LINE 904
                    > USED AT LINE 1945
                    > USED AT LINE 1959
                    > USED AT LINE 1989
                    > USED AT LINE 2225
                    > USED AT LINE 2234
                    > USED AT LINE 2255
                    > USED AT LINE 2268
                    > USED AT LINE 2283
                    > USED AT LINE 2323
                    > USED AT LINE 2600
PREDB:              2F08 DEFINED AT LINE 1615
                    > USED AT LINE 1601
PREDLB:             2F17 DEFINED AT LINE 1626
                    > USED AT LINE 1617
PREDB1:             2F2B DEFINED AT LINE 1642
                    > USED AT LINE 1623
                    > USED AT LINE 1635
PREDB3:             2F36 DEFINED AT LINE 1649
                    > USED AT LINE 2182
PREDB2:             2F53 DEFINED AT LINE 1670
                    > USED AT LINE 1666
PREDB4:             2F67 DEFINED AT LINE 1681
                    > USED AT LINE 1674
OP0T:               2F75 DEFINED AT LINE 1701
                    > USED AT LINE 1432
OP0M:               000E DEFINED AT LINE 1715
                    > USED AT LINE 1430
OP1T:               2F91 DEFINED AT LINE 1720
                    > USED AT LINE 1451
OP1M:               0010 DEFINED AT LINE 1736
                    > USED AT LINE 1449
OP2T:               2FB1 DEFINED AT LINE 1741
                    > USED AT LINE 1471
OP2M:               0019 DEFINED AT LINE 1766
                    > USED AT LINE 1469
OPEXTT:             2FE3 DEFINED AT LINE 1771
                    > USED AT LINE 1402
OPEXTM:             000A DEFINED AT LINE 1781
                    > USED AT LINE 1407
RTRUE:              2FF7 DEFINED AT LINE 1797
                    > USED AT LINE 1648
                    > USED AT LINE 1701
                    > USED AT LINE 1838
RTRUE1:             2FFA DEFINED AT LINE 1798
                    > USED AT LINE 1806
RFALSE:             3000 DEFINED AT LINE 1805
                    > USED AT LINE 1644
                    > USED AT LINE 1702
PRINTI:             3006 DEFINED AT LINE 1812
                    > USED AT LINE 1703
PRNTI1:             300C DEFINED AT LINE 1815
                    > USED AT LINE 1812
                    > USED AT LINE 1836
PRINTR:             3038 DEFINED AT LINE 1836
                    > USED AT LINE 1704
ZNOP:               3041 DEFINED AT LINE 1844
                    > USED AT LINE 1705
ZSAVE:              3044 DEFINED AT LINE 1850
                    > USED AT LINE 1706
ZRSTOR:             3047 DEFINED AT LINE 1856
                    > USED AT LINE 1707
ZRSTAR:             304A DEFINED AT LINE 1862
                    > USED AT LINE 1708
RSTACK:             304D DEFINED AT LINE 1868
                    > USED AT LINE 1709
FSTACK:             3056 DEFINED AT LINE 1875
                    > USED AT LINE 1710
ZQUIT:              305C DEFINED AT LINE 1881
                    > USED AT LINE 1711
CRLF:               305F DEFINED AT LINE 1887
                    > USED AT LINE 1712
USL:                3065 DEFINED AT LINE 1894
                    > USED AT LINE 1713
VERIFY:             306B DEFINED AT LINE 1901
                    > USED AT LINE 1714
VERIFL:             3094 DEFINED AT LINE 1919
                    > USED AT LINE 1933
ZEROQ:              30C3 DEFINED AT LINE 1956
                    > USED AT LINE 1720
NEXTQ:              30CE DEFINED AT LINE 1967
                    > USED AT LINE 1721
FIRSTQ:             30DA DEFINED AT LINE 1978
                    > USED AT LINE 1722
FRSTQ1:             30E3 DEFINED AT LINE 1981
                    > USED AT LINE 1970
LOC:                30F4 DEFINED AT LINE 1996
                    > USED AT LINE 1723
PTSIZE:             3104 DEFINED AT LINE 2008
                    > USED AT LINE 1724
INC:                3114 DEFINED AT LINE 2021
                    > USED AT LINE 1725
DEC:                311A DEFINED AT LINE 2028
                    > USED AT LINE 1726
INC1:               3120 DEFINED AT LINE 2031
                    > USED AT LINE 2021
                    > USED AT LINE 2251
INC2:               3127 DEFINED AT LINE 2034
                    > USED AT LINE 2042
DEC1:               312D DEFINED AT LINE 2039
                    > USED AT LINE 2028
                    > USED AT LINE 2241
PRINTB:             3137 DEFINED AT LINE 2048
                    > USED AT LINE 1727
PRINT2:             313A DEFINED AT LINE 2049
BADOP:              3140 DEFINED AT LINE 2055
                    > USED AT LINE 1408
                    > USED AT LINE 1431
                    > USED AT LINE 1450
                    > USED AT LINE 1470
                    > USED AT LINE 1728
                    > USED AT LINE 1741
REMOVE:             3143 DEFINED AT LINE 2061
                    > USED AT LINE 1729
REMOVC:             3149 DEFINED AT LINE 2064
                    > USED AT LINE 2061
                    > USED AT LINE 2369
REMVC1:             3176 DEFINED AT LINE 2092
                    > USED AT LINE 2081
                    > USED AT LINE 2101
REMVC2:             318E DEFINED AT LINE 2108
                    > USED AT LINE 2090
PRINTD:             3199 DEFINED AT LINE 2119
                    > USED AT LINE 1730
PRNTDC:             31A2 DEFINED AT LINE 2123
                    > USED AT LINE 739
                    > USED AT LINE 2120
RETURN:             31B4 DEFINED AT LINE 2138
                    > USED AT LINE 1731
                    > USED AT LINE 1799
                    > USED AT LINE 1870
RET1:               31D3 DEFINED AT LINE 2151
                    > USED AT LINE 2161
RET2:               31E2 DEFINED AT LINE 2162
                    > USED AT LINE 2148
JUMP:               31FF DEFINED AT LINE 2178
                    > USED AT LINE 1732
PRINT:              3208 DEFINED AT LINE 2188
                    > USED AT LINE 1733
PRINT1:             320E DEFINED AT LINE 2190
                    > USED AT LINE 2050
VALUE:              3214 DEFINED AT LINE 2197
                    > USED AT LINE 1734
BCOM:               321D DEFINED AT LINE 2205
                    > USED AT LINE 1735
LESSQ:              3229 DEFINED AT LINE 2222
                    > USED AT LINE 1743
GRTRQ:              3236 DEFINED AT LINE 2232
                    > USED AT LINE 1744
DLESSQ:             3242 DEFINED AT LINE 2241
                    > USED AT LINE 1745
IGRTRQ:             324D DEFINED AT LINE 2251
                    > USED AT LINE 1746
IGRTQ1:             3254 DEFINED AT LINE 2254
                    > USED AT LINE 2245
INQ:                325D DEFINED AT LINE 2262
                    > USED AT LINE 1747
BTST:               3271 DEFINED AT LINE 2275
                    > USED AT LINE 1748
BOR:                3283 DEFINED AT LINE 2290
                    > USED AT LINE 1749
BAND:               328F DEFINED AT LINE 2303
                    > USED AT LINE 1750
FSETQ:              329B DEFINED AT LINE 2316
                    > USED AT LINE 1751
FSET:               32AA DEFINED AT LINE 2330
                    > USED AT LINE 1752
FCLEAR:             32B7 DEFINED AT LINE 2344
                    > USED AT LINE 1753
ZSET:               32C6 DEFINED AT LINE 2360
                    > USED AT LINE 1754
VARPTR:             32CC DEFINED AT LINE 2362
                    > USED AT LINE 3062
MOVE:               32D2 DEFINED AT LINE 2369
                    > USED AT LINE 1755
GET:                32FE DEFINED AT LINE 2396
                    > USED AT LINE 1756
GETB:               3310 DEFINED AT LINE 2409
                    > USED AT LINE 1757
GETP:               3324 DEFINED AT LINE 2424
                    > USED AT LINE 1758
GETP1:              3327 DEFINED AT LINE 2425
                    > USED AT LINE 2432
GETP3:              333B DEFINED AT LINE 2434
                    > USED AT LINE 2430
GETP2:              3358 DEFINED AT LINE 2452
                    > USED AT LINE 2429
GETP2A:             336A DEFINED AT LINE 2463
                    > USED AT LINE 2455
GETPT:              3370 DEFINED AT LINE 2467
                    > USED AT LINE 1759
GETPT1:             3373 DEFINED AT LINE 2468
                    > USED AT LINE 2475
GETPT2:             3387 DEFINED AT LINE 2477
                    > USED AT LINE 2472
NEXTP:              3395 DEFINED AT LINE 2488
                    > USED AT LINE 1760
NEXTP1:             339F DEFINED AT LINE 2492
                    > USED AT LINE 2499
NEXTP2:             33B3 DEFINED AT LINE 2501
                    > USED AT LINE 2491
                    > USED AT LINE 2505
NEXTP3:             33B9 DEFINED AT LINE 2504
                    > USED AT LINE 2496
ZADD:               33BF DEFINED AT LINE 2507
                    > USED AT LINE 1761
ZSUB:               33C6 DEFINED AT LINE 2511
                    > USED AT LINE 1762
MUL:                33D2 DEFINED AT LINE 2520
                    > USED AT LINE 1763
MUL1:               33F0 DEFINED AT LINE 2532
                    > USED AT LINE 2540
                    > USED AT LINE 2554
                    > USED AT LINE 2558
MUL4:               33F6 DEFINED AT LINE 2535
                    > USED AT LINE 2529
MUL2:               33F9 DEFINED AT LINE 2538
                    > USED AT LINE 2526
DIV:                33FE DEFINED AT LINE 2542
                    > USED AT LINE 1764
DIV2:               341F DEFINED AT LINE 2556
                    > USED AT LINE 2548
DIV2B:              3420 DEFINED AT LINE 2557
                    > USED AT LINE 2562
DIV4:               3426 DEFINED AT LINE 2560
                    > USED AT LINE 2551
DIV2A:              342D DEFINED AT LINE 2564
                    > USED AT LINE 2557
                    > USED AT LINE 2561
ZMOD:               3435 DEFINED AT LINE 2573
                    > USED AT LINE 1765
EQUALQ:             3443 DEFINED AT LINE 2584
                    > USED AT LINE 1742
EQUAQ1:             3464 DEFINED AT LINE 2598
                    > USED AT LINE 2591
                    > USED AT LINE 2593
                    > USED AT LINE 2595
ZCALL:              3470 DEFINED AT LINE 2605
                    > USED AT LINE 1771
ZCALL1:             34AF DEFINED AT LINE 2634
                    > USED AT LINE 2655
ZCALL2:             34CD DEFINED AT LINE 2656
                    > USED AT LINE 2633
ZCALL3:             34DB DEFINED AT LINE 2662
                    > USED AT LINE 2673
ZCALL4:             34E9 DEFINED AT LINE 2674
                    > USED AT LINE 2659
PUT:                34FC DEFINED AT LINE 2682
                    > USED AT LINE 1772
PUTB:               3515 DEFINED AT LINE 2698
                    > USED AT LINE 1773
PUTP:               3529 DEFINED AT LINE 2709
                    > USED AT LINE 1774
PUTP1:              352C DEFINED AT LINE 2710
                    > USED AT LINE 2717
PUTP2:              3540 DEFINED AT LINE 2719
                    > USED AT LINE 2714
PUTP2A:             3556 DEFINED AT LINE 2732
                    > USED AT LINE 2724
ZREAD:              355B DEFINED AT LINE 2737
                    > USED AT LINE 1775
READL:              3587 DEFINED AT LINE 2758
                    > USED AT LINE 2802
                    > USED AT LINE 2820
                    > USED AT LINE 2828
                    > USED AT LINE 2851
RD0PL:              35A8 DEFINED AT LINE 2778
                    > USED AT LINE 2781
READL2:             35D2 DEFINED AT LINE 2804
                    > USED AT LINE 2774
                    > USED AT LINE 2799
RSIBRK:             35EF DEFINED AT LINE 2822
                    > USED AT LINE 2796
READL3:             35F5 DEFINED AT LINE 2826
                    > USED AT LINE 2806
                    > USED AT LINE 2809
FLUSHW:             3620 DEFINED AT LINE 2853
                    > USED AT LINE 2771
                    > USED AT LINE 2862
RBRKQ:              362E DEFINED AT LINE 2864
                    > USED AT LINE 2798
                    > USED AT LINE 2808
                    > USED AT LINE 2857
RBRK1:              3638 DEFINED AT LINE 2869
                    > USED AT LINE 2873
                    > USED AT LINE 2889
RBRK2:              3641 DEFINED AT LINE 2874
                    > USED AT LINE 2887
FBRK:               3644 DEFINED AT LINE 2878
                    > USED AT LINE 2870
SIBRKQ:             3647 DEFINED AT LINE 2882
                    > USED AT LINE 2795
                    > USED AT LINE 2864
GETVOC:             3655 DEFINED AT LINE 2891
                    > USED AT LINE 2883
                    > USED AT LINE 2907
BRKTBL:             3664 DEFINED AT LINE 2901
                    > USED AT LINE 2867
NBRKS:              000A DEFINED AT LINE 2905
                    > USED AT LINE 2868
FINDW:              366E DEFINED AT LINE 2907
                    > USED AT LINE 2836
FWL1A:              3688 DEFINED AT LINE 2926
                    > USED AT LINE 2940
FWL1:               368C DEFINED AT LINE 2928
                    > USED AT LINE 2941
                    > USED AT LINE 2943
FWL2:               3691 DEFINED AT LINE 2931
                    > USED AT LINE 2924
FWL3:               36A6 DEFINED AT LINE 2944
                    > USED AT LINE 2927
                    > USED AT LINE 2930
FWL4:               36BB DEFINED AT LINE 2962
                    > USED AT LINE 2990
FWL4C:              36E7 DEFINED AT LINE 2983
                    > USED AT LINE 2976
FWL4B:              36E8 DEFINED AT LINE 2984
                    > USED AT LINE 2971
FWL4A:              36E9 DEFINED AT LINE 2985
                    > USED AT LINE 2966
FWFAIL:             36F3 DEFINED AT LINE 2991
                    > USED AT LINE 2965
                    > USED AT LINE 2970
                    > USED AT LINE 2975
                    > USED AT LINE 2980
FWSUCC:             36F7 DEFINED AT LINE 2994
                    > USED AT LINE 2981
PRINTC:             3705 DEFINED AT LINE 3007
                    > USED AT LINE 1776
PRINTN:             370F DEFINED AT LINE 3012
                    > USED AT LINE 1777
PRNTNC:             3718 DEFINED AT LINE 3016
                    > USED AT LINE 703
                    > USED AT LINE 708
                    > USED AT LINE 758
                    > USED AT LINE 863
                    > USED AT LINE 3013
PRNTN1:             371F DEFINED AT LINE 3020
                    > USED AT LINE 3027
PRNTN3:             372F DEFINED AT LINE 3029
                    > USED AT LINE 3022
PRNTN4:             3734 DEFINED AT LINE 3032
                    > USED AT LINE 3038
PRNTN6:             3741 DEFINED AT LINE 3041
                    > USED AT LINE 3031
PRNTNG:             3746 DEFINED AT LINE 3044
                    > USED AT LINE 3018
RANDOM:             374E DEFINED AT LINE 3048
                    > USED AT LINE 1778
ZPUSH:              375D DEFINED AT LINE 3056
                    > USED AT LINE 1779
ZPOP:               3766 DEFINED AT LINE 3060
                    > USED AT LINE 1780
RND:                376F DEFINED AT LINE 3070
                    > USED AT LINE 1325
                    > USED AT LINE 2739
                    > USED AT LINE 3050
RND2:               3772 DEFINED AT LINE 3072
                    > USED AT LINE 3100
RND1:               3778 DEFINED AT LINE 3075
                    > USED AT LINE 3098
MULT:               379D DEFINED AT LINE 3105
                    > USED AT LINE 2531
MULT1:              37A3 DEFINED AT LINE 3108
                    > USED AT LINE 3131
MULT2:              37AF DEFINED AT LINE 3117
                    > USED AT LINE 3111
DIVIDE:             37C6 DEFINED AT LINE 3139
                    > USED AT LINE 2553
                    > USED AT LINE 2576
                    > USED AT LINE 3024
                    > USED AT LINE 3051
DDIV0:              37D5 DEFINED AT LINE 3151
                    > USED AT LINE 3171
DDIV1:              37DB DEFINED AT LINE 3155
                    > USED AT LINE 3153
SIGNC:              37F9 DEFINED AT LINE 3186
                    > USED AT LINE 2522
                    > USED AT LINE 2544
                    > USED AT LINE 2575
SIGNS:              3806 DEFINED AT LINE 3194
                    > USED AT LINE 2532
SIGNCN:             380C DEFINED AT LINE 3197
                    > USED AT LINE 3046
                    > USED AT LINE 3211
SIGNPC:             3814 DEFINED AT LINE 3205
                    > USED AT LINE 3188
                    > USED AT LINE 3190
FLAGSU:             3821 DEFINED AT LINE 3213
                    > USED AT LINE 2316
                    > USED AT LINE 2330
                    > USED AT LINE 2344
FLGSU1:             3833 DEFINED AT LINE 3221
                    > USED AT LINE 3217
FLGSU2:             383B DEFINED AT LINE 3226
                    > USED AT LINE 3229
FLGSU3:             3843 DEFINED AT LINE 3231
                    > USED AT LINE 3226
PROPB:              384B DEFINED AT LINE 3240
                    > USED AT LINE 2424
                    > USED AT LINE 2467
                    > USED AT LINE 2488
                    > USED AT LINE 2709
PROPN:              3862 DEFINED AT LINE 3254
                    > USED AT LINE 2425
                    > USED AT LINE 2468
                    > USED AT LINE 2492
                    > USED AT LINE 2501
                    > USED AT LINE 2710
PROPL:              3866 DEFINED AT LINE 3258
                    > USED AT LINE 2013
                    > USED AT LINE 2452
                    > USED AT LINE 2719
                    > USED AT LINE 3265
PROPNX:             386D DEFINED AT LINE 3265
                    > USED AT LINE 2431
                    > USED AT LINE 2474
                    > USED AT LINE 2498
                    > USED AT LINE 2504
                    > USED AT LINE 2716
OBJLOC:             3875 DEFINED AT LINE 3269
                    > USED AT LINE 1968
                    > USED AT LINE 1979
                    > USED AT LINE 1997
                    > USED AT LINE 2066
                    > USED AT LINE 2074
                    > USED AT LINE 2093
                    > USED AT LINE 2123
                    > USED AT LINE 2263
                    > USED AT LINE 2371
                    > USED AT LINE 2377
                    > USED AT LINE 3214
                    > USED AT LINE 3241
GETARG:             3896 DEFINED AT LINE 3294
                    > USED AT LINE 2222
                    > USED AT LINE 2232
                    > USED AT LINE 2275
                    > USED AT LINE 2290
                    > USED AT LINE 2303
                    > USED AT LINE 2507
                    > USED AT LINE 2511
                    > USED AT LINE 2520
                    > USED AT LINE 2542
                    > USED AT LINE 2573
SHLGED:             389E DEFINED AT LINE 3299
                    > USED AT LINE 2224
                    > USED AT LINE 2233
                    > USED AT LINE 2254
HLGEDE:             38A6 DEFINED AT LINE 3306
                    > USED AT LINE 860
                    > USED AT LINE 1220
                    > USED AT LINE 1944
                    > USED AT LINE 2282
                    > USED AT LINE 2525
                    > USED AT LINE 2528
                    > USED AT LINE 2547
                    > USED AT LINE 2550
                    > USED AT LINE 2598
                    > USED AT LINE 3301
PSHSTK:             38AD DEFINED AT LINE 3314
                    > USED AT LINE 1545
                    > USED AT LINE 1580
                    > USED AT LINE 1590
                    > USED AT LINE 2610
                    > USED AT LINE 2612
                    > USED AT LINE 2614
                    > USED AT LINE 2639
                    > USED AT LINE 2675
                    > USED AT LINE 3057
POPSTK:             38C6 DEFINED AT LINE 3334
                    > USED AT LINE 1528
                    > USED AT LINE 1579
                    > USED AT LINE 1588
                    > USED AT LINE 1868
                    > USED AT LINE 1875
                    > USED AT LINE 2142
                    > USED AT LINE 2152
                    > USED AT LINE 2162
                    > USED AT LINE 2164
                    > USED AT LINE 2166
                    > USED AT LINE 3060
NEXTPC:             38DB DEFINED AT LINE 3354
                    > USED AT LINE 1357
                    > USED AT LINE 1368
                    > USED AT LINE 1482
                    > USED AT LINE 1491
                    > USED AT LINE 1494
                    > USED AT LINE 1503
                    > USED AT LINE 1542
                    > USED AT LINE 1599
                    > USED AT LINE 1603
                    > USED AT LINE 1608
                    > USED AT LINE 1630
                    > USED AT LINE 2626
                    > USED AT LINE 2642
                    > USED AT LINE 2645
                    > USED AT LINE 3401
NXTPC1:             3908 DEFINED AT LINE 3380
                    > USED AT LINE 3356
NXTPC3:             391E DEFINED AT LINE 3388
                    > USED AT LINE 3423
NXTPCL:             3927 DEFINED AT LINE 3391
                    > USED AT LINE 3384
NXTPC2:             393A DEFINED AT LINE 3403
                    > USED AT LINE 3387
NXTPC4:             3947 DEFINED AT LINE 3410
                    > USED AT LINE 3405
SETWRD:             3965 DEFINED AT LINE 3425
                    > USED AT LINE 1918
                    > USED AT LINE 2049
                    > USED AT LINE 2131
                    > USED AT LINE 2401
                    > USED AT LINE 2413
SETWR1:             396B DEFINED AT LINE 3429
                    > USED AT LINE 3440
SETSTR:             3977 DEFINED AT LINE 3437
                    > USED AT LINE 2189
GETFRE:             397F DEFINED AT LINE 3442
GETWRD:             39A6 DEFINED AT LINE 3461
                    > USED AT LINE 1921
                    > USED AT LINE 2402
                    > USED AT LINE 3788
GETBYT:             39B1 DEFINED AT LINE 3469
                    > USED AT LINE 2414
                    > USED AT LINE 3461
                    > USED AT LINE 3463
                    > USED AT LINE 3519
GETBT1:             39DE DEFINED AT LINE 3495
                    > USED AT LINE 3471
GETBT3:             39FB DEFINED AT LINE 3506
                    > USED AT LINE 3547
GETBTL:             3A04 DEFINED AT LINE 3509
                    > USED AT LINE 3502
CKZPCP:             3A17 DEFINED AT LINE 3522
                    > USED AT LINE 3446
                    > USED AT LINE 3533
GETB1A:             3A23 DEFINED AT LINE 3531
                    > USED AT LINE 3497
GETBT2:             3A29 DEFINED AT LINE 3533
                    > USED AT LINE 3505
SPLICE:             3A4A DEFINED AT LINE 3549
                    > USED AT LINE 3388
                    > USED AT LINE 3447
                    > USED AT LINE 3506
SPLIC1:             3A84 DEFINED AT LINE 3581
                    > USED AT LINE 3575
HLOFF:              3A89 DEFINED AT LINE 3585
                    > USED AT LINE 650
                    > USED AT LINE 1314
                    > USED AT LINE 1927
                    > USED AT LINE 2150
                    > USED AT LINE 2444
                    > USED AT LINE 2814
                    > USED AT LINE 2910
                    > USED AT LINE 2986
                    > USED AT LINE 3252
                    > USED AT LINE 3267
                    > USED AT LINE 3419
                    > USED AT LINE 3457
                    > USED AT LINE 3543
                    > USED AT LINE 3557
                    > USED AT LINE 3562
                    > USED AT LINE 3567
                    > USED AT LINE 3571
                    > USED AT LINE 3577
                    > USED AT LINE 3663
                    > USED AT LINE 3707
                    > USED AT LINE 3757
FNDPGE:             3A90 DEFINED AT LINE 3593
                    > USED AT LINE 3385
                    > USED AT LINE 3503
FNDPGL:             3A99 DEFINED AT LINE 3599
                    > USED AT LINE 3604
FNDPG1:             3AA8 DEFINED AT LINE 3609
                    > USED AT LINE 3600
PZSTR:              3AAA DEFINED AT LINE 3621
                    > USED AT LINE 1821
                    > USED AT LINE 2132
                    > USED AT LINE 2190
                    > USED AT LINE 3717
PZSTRL:             3AB5 DEFINED AT LINE 3627
                    > USED AT LINE 3646
                    > USED AT LINE 3733
                    > USED AT LINE 3746
                    > USED AT LINE 3761
PZSTP0:             3AD1 DEFINED AT LINE 3642
                    > USED AT LINE 3654
PZSTP1:             3AD3 DEFINED AT LINE 3645
                    > USED AT LINE 3665
                    > USED AT LINE 3678
                    > USED AT LINE 3680
                    > USED AT LINE 3736
                    > USED AT LINE 3741
PZSTR1:             3AD9 DEFINED AT LINE 3649
                    > USED AT LINE 3638
PZSTR2:             3AE2 DEFINED AT LINE 3657
                    > USED AT LINE 3650
PZSTRA:             3AF7 DEFINED AT LINE 3667
                    > USED AT LINE 3659
PZFWRD:             3B0F DEFINED AT LINE 3682
                    > USED AT LINE 3633
PZSTRS:             3B70 DEFINED AT LINE 3735
                    > USED AT LINE 3631
PZSTRC:             3B75 DEFINED AT LINE 3738
                    > USED AT LINE 3661
PZSTRT:             3B7F DEFINED AT LINE 3743
                    > USED AT LINE 3750
PZSTRP:             3B88 DEFINED AT LINE 3748
                    > USED AT LINE 3635
PERMTB:             3BA3 DEFINED AT LINE 3763
                    > USED AT LINE 3756
CHRTBL:             3BA7 DEFINED AT LINE 3765
                    > USED AT LINE 3662
                    > USED AT LINE 3907
GETMOD:             3BBF DEFINED AT LINE 3770
                    > USED AT LINE 730
                    > USED AT LINE 3636
                    > USED AT LINE 3732
                    > USED AT LINE 3748
GETZCH:             3BD0 DEFINED AT LINE 3781
                    > USED AT LINE 3627
                    > USED AT LINE 3667
                    > USED AT LINE 3673
                    > USED AT LINE 3689
GETZH1:             3BE9 DEFINED AT LINE 3796
                    > USED AT LINE 3785
GETZH2:             3BFC DEFINED AT LINE 3808
                    > USED AT LINE 3797
GETZH3:             3C0D DEFINED AT LINE 3816
                    > USED AT LINE 3813
CONZST:             3C11 DEFINED AT LINE 3820
                    > USED AT LINE 2835
CONZSL:             3C1A DEFINED AT LINE 3824
                    > USED AT LINE 3827
CNZSL1:             3C29 DEFINED AT LINE 3831
                    > USED AT LINE 3866
CNZSL2:             3C3A DEFINED AT LINE 3841
CNZSLC:             3C52 DEFINED AT LINE 3856
                    > USED AT LINE 3847
CNZSLO:             3C5E DEFINED AT LINE 3863
                    > USED AT LINE 3836
                    > USED AT LINE 3840
                    > USED AT LINE 3872
                    > USED AT LINE 3882
                    > USED AT LINE 3886
                    > USED AT LINE 3903
CNZSC1:             3C67 DEFINED AT LINE 3869
                    > USED AT LINE 3860
CNZSC3:             3C70 DEFINED AT LINE 3874
                    > USED AT LINE 3869
CNZSC4:             3C82 DEFINED AT LINE 3884
                    > USED AT LINE 3876
                    > USED AT LINE 3879
CNZS2M:             3CA3 DEFINED AT LINE 3905
                    > USED AT LINE 3885
CNZS2L:             3CAA DEFINED AT LINE 3909
                    > USED AT LINE 3913
CNZS2P:             3CB6 DEFINED AT LINE 3918
                    > USED AT LINE 3910
ZCHRCS:             3CBC DEFINED AT LINE 3924
                    > USED AT LINE 3843
                    > USED AT LINE 3858
ZCHRC1:             3CC8 DEFINED AT LINE 3931
                    > USED AT LINE 3925
                    > USED AT LINE 3927
ZCHRC2:             3CD5 DEFINED AT LINE 3938
                    > USED AT LINE 3932
                    > USED AT LINE 3934
CNZSLE:             3CDB DEFINED AT LINE 3944
                    > USED AT LINE 3854
                    > USED AT LINE 3867
                    > USED AT LINE 3891
                    > USED AT LINE 3900
CNZSE1:             3CFE DEFINED AT LINE 3958
                    > USED AT LINE 3947
                    > USED AT LINE 3948
                    > USED AT LINE 3949
                    > USED AT LINE 3952
                    > USED AT LINE 3953
                    > USED AT LINE 3954
SRND:               3D08 DEFINED AT LINE 3975
LOCALS:             3D08 DEFINED AT LINE 3976
                    > USED AT LINE 1512
                    > USED AT LINE 1553
                    > USED AT LINE 2149
                    > USED AT LINE 2631
                    > USED AT LINE 2661
ZPCH:               3D26 DEFINED AT LINE 3977
                    > USED AT LINE 1269
                    > USED AT LINE 1671
                    > USED AT LINE 1817
                    > USED AT LINE 1825
                    > USED AT LINE 2144
                    > USED AT LINE 2615
                    > USED AT LINE 2625
                    > USED AT LINE 3375
                    > USED AT LINE 3380
                    > USED AT LINE 3414
                    > USED AT LINE 3420
ZPCL:               3D27 DEFINED AT LINE 3978
                    > USED AT LINE 1261
                    > USED AT LINE 1265
                    > USED AT LINE 1653
                    > USED AT LINE 1670
                    > USED AT LINE 1815
                    > USED AT LINE 1823
                    > USED AT LINE 2163
                    > USED AT LINE 2613
                    > USED AT LINE 2623
                    > USED AT LINE 3361
                    > USED AT LINE 3363
                    > USED AT LINE 3368
                    > USED AT LINE 3373
                    > USED AT LINE 3396
ZSTAKC:             3D29 DEFINED AT LINE 3979
                    > USED AT LINE 1111
                    > USED AT LINE 2141
                    > USED AT LINE 2676
                    > USED AT LINE 3322
                    > USED AT LINE 3341
OZSTKP:             3D2A DEFINED AT LINE 3980
                    > USED AT LINE 2138
                    > USED AT LINE 2165
                    > USED AT LINE 2611
                    > USED AT LINE 2679
OZSTKC:             3D2C DEFINED AT LINE 3981
                    > USED AT LINE 2140
                    > USED AT LINE 2168
                    > USED AT LINE 2609
                    > USED AT LINE 2677
SHIFT:              3D2D DEFINED AT LINE 3983
                    > USED AT LINE 1321
                    > USED AT LINE 1322
                    > USED AT LINE 3073
                    > USED AT LINE 3081
                    > USED AT LINE 3102
SRNDC:              0029 DEFINED AT LINE 3984
ZSTBUI:             3D31 DEFINED AT LINE 3985
                    > USED AT LINE 2777
                    > USED AT LINE 2812
                    > USED AT LINE 2822
                    > USED AT LINE 3830
NOLPT:              3D38 DEFINED AT LINE 3987
                    > USED AT LINE 338
                    > USED AT LINE 388
                    > USED AT LINE 564
                    > USED AT LINE 693
                    > USED AT LINE 715
                    > USED AT LINE 830
                    > USED AT LINE 856
                    > USED AT LINE 1332
VERF:               3D39 DEFINED AT LINE 3988
                    > USED AT LINE 1902
                    > USED AT LINE 1943
                    > USED AT LINE 3495
ZMEMT:              3D3A DEFINED AT LINE 3989
                    > USED AT LINE 1228
                    > USED AT LINE 3381
                    > USED AT LINE 3499
PURSTP:             3D3B DEFINED AT LINE 3991
SIGNF:              3D3B DEFINED AT LINE 3993
                    > USED AT LINE 3187
                    > USED AT LINE 3194
                    > USED AT LINE 3208
                    > USED AT LINE 3210
ARG1:               3D3C DEFINED AT LINE 3994
                    > USED AT LINE 341
                    > USED AT LINE 400
                    > USED AT LINE 424
                    > USED AT LINE 1369
                    > USED AT LINE 1420
                    > USED AT LINE 1445
                    > USED AT LINE 1459
                    > USED AT LINE 1798
                    > USED AT LINE 1869
                    > USED AT LINE 1956
                    > USED AT LINE 1967
                    > USED AT LINE 1978
                    > USED AT LINE 1996
                    > USED AT LINE 2008
                    > USED AT LINE 2031
                    > USED AT LINE 2039
                    > USED AT LINE 2048
                    > USED AT LINE 2064
                    > USED AT LINE 2119
                    > USED AT LINE 2171
                    > USED AT LINE 2178
                    > USED AT LINE 2188
                    > USED AT LINE 2197
                    > USED AT LINE 2205
                    > USED AT LINE 2262
                    > USED AT LINE 2360
                    > USED AT LINE 2370
                    > USED AT LINE 2381
                    > USED AT LINE 2399
                    > USED AT LINE 2411
                    > USED AT LINE 2584
                    > USED AT LINE 2605
                    > USED AT LINE 2620
                    > USED AT LINE 2624
                    > USED AT LINE 2685
                    > USED AT LINE 2700
                    > USED AT LINE 2742
                    > USED AT LINE 2744
                    > USED AT LINE 2756
                    > USED AT LINE 2783
                    > USED AT LINE 3007
                    > USED AT LINE 3012
                    > USED AT LINE 3048
                    > USED AT LINE 3056
                    > USED AT LINE 3061
                    > USED AT LINE 3213
                    > USED AT LINE 3240
                    > USED AT LINE 3294
ARG2:               3D3E DEFINED AT LINE 3995
                    > USED AT LINE 1464
                    > USED AT LINE 2243
                    > USED AT LINE 2253
                    > USED AT LINE 2266
                    > USED AT LINE 2361
                    > USED AT LINE 2375
                    > USED AT LINE 2396
                    > USED AT LINE 2409
                    > USED AT LINE 2427
                    > USED AT LINE 2442
                    > USED AT LINE 2470
                    > USED AT LINE 2489
                    > USED AT LINE 2494
                    > USED AT LINE 2590
                    > USED AT LINE 2660
                    > USED AT LINE 2682
                    > USED AT LINE 2698
                    > USED AT LINE 2712
                    > USED AT LINE 2745
                    > USED AT LINE 2747
                    > USED AT LINE 2751
                    > USED AT LINE 2759
                    > USED AT LINE 2845
                    > USED AT LINE 3215
                    > USED AT LINE 3296
ARG3:               3D40 DEFINED AT LINE 3996
                    > USED AT LINE 2592
                    > USED AT LINE 2691
                    > USED AT LINE 2705
                    > USED AT LINE 2722
ARG4:               3D42 DEFINED AT LINE 3997
                    > USED AT LINE 2594
ARGCNT:             3D44 DEFINED AT LINE 3998
                    > USED AT LINE 1356
                    > USED AT LINE 1391
                    > USED AT LINE 1423
                    > USED AT LINE 1444
                    > USED AT LINE 1466
                    > USED AT LINE 2586
                    > USED AT LINE 2656
OPCODE:             3D45 DEFINED AT LINE 3999
                    > USED AT LINE 1358
                    > USED AT LINE 1403
                    > USED AT LINE 1446
                    > USED AT LINE 1460
                    > USED AT LINE 1467
GLOBAL:             3D46 DEFINED AT LINE 4000
                    > USED AT LINE 1279
                    > USED AT LINE 1524
                    > USED AT LINE 1563
FWSET:              3D48 DEFINED AT LINE 4001
                    > USED AT LINE 3688
                    > USED AT LINE 3704
FWORDS:             3D49 DEFINED AT LINE 4002
                    > USED AT LINE 1289
                    > USED AT LINE 3703
ZPCOFF:             3D4B DEFINED AT LINE 4003
                    > USED AT LINE 1652
                    > USED AT LINE 1683
ZPCPNT:             3D4D DEFINED AT LINE 4004
                    > USED AT LINE 1681
                    > USED AT LINE 1685
                    > USED AT LINE 1829
                    > USED AT LINE 3357
                    > USED AT LINE 3360
                    > USED AT LINE 3398
ZPCFLG:             3D4F DEFINED AT LINE 4005
                    > USED AT LINE 896
                    > USED AT LINE 903
                    > USED AT LINE 909
                    > USED AT LINE 958
                    > USED AT LINE 1021
                    > USED AT LINE 1678
                    > USED AT LINE 1827
                    > USED AT LINE 2170
                    > USED AT LINE 2618
                    > USED AT LINE 3354
                    > USED AT LINE 3374
                    > USED AT LINE 3400
                    > USED AT LINE 3527
ZPCPG:              3D50 DEFINED AT LINE 4006
                    > USED AT LINE 3386
                    > USED AT LINE 3389
                    > USED AT LINE 3416
                    > USED AT LINE 3522
MPCH:               3D51 DEFINED AT LINE 4007
                    > USED AT LINE 686
                    > USED AT LINE 720
                    > USED AT LINE 1818
                    > USED AT LINE 1824
                    > USED AT LINE 3428
                    > USED AT LINE 3438
                    > USED AT LINE 3490
                    > USED AT LINE 3498
                    > USED AT LINE 3538
                    > USED AT LINE 3544
                    > USED AT LINE 3701
                    > USED AT LINE 3709
                    > USED AT LINE 3722
MPCL:               3D52 DEFINED AT LINE 4008
                    > USED AT LINE 684
                    > USED AT LINE 722
                    > USED AT LINE 1816
                    > USED AT LINE 1822
                    > USED AT LINE 3432
                    > USED AT LINE 3476
                    > USED AT LINE 3478
                    > USED AT LINE 3483
                    > USED AT LINE 3488
                    > USED AT LINE 3514
                    > USED AT LINE 3699
                    > USED AT LINE 3714
                    > USED AT LINE 3724
MPCPNT:             3D54 DEFINED AT LINE 4009
                    > USED AT LINE 1828
                    > USED AT LINE 3454
                    > USED AT LINE 3472
                    > USED AT LINE 3475
                    > USED AT LINE 3516
MPCFLG:             3D56 DEFINED AT LINE 4010
                    > USED AT LINE 717
                    > USED AT LINE 1022
                    > USED AT LINE 1820
                    > USED AT LINE 1826
                    > USED AT LINE 3408
                    > USED AT LINE 3434
                    > USED AT LINE 3443
                    > USED AT LINE 3469
                    > USED AT LINE 3489
                    > USED AT LINE 3518
                    > USED AT LINE 3716
                    > USED AT LINE 3719
MPCPG:              3D57 DEFINED AT LINE 4011
                    > USED AT LINE 3403
                    > USED AT LINE 3445
                    > USED AT LINE 3448
                    > USED AT LINE 3504
                    > USED AT LINE 3507
                    > USED AT LINE 3532
                    > USED AT LINE 3540
PGBUFP:             3D58 DEFINED AT LINE 4014
                    > USED AT LINE 1299
                    > USED AT LINE 3390
                    > USED AT LINE 3410
                    > USED AT LINE 3450
                    > USED AT LINE 3508
                    > USED AT LINE 3534
ZCODEP:             3D5A DEFINED AT LINE 4015
                    > USED AT LINE 209
                    > USED AT LINE 389
                    > USED AT LINE 538
                    > USED AT LINE 658
                    > USED AT LINE 1166
                    > USED AT LINE 1188
                    > USED AT LINE 1194
                    > USED AT LINE 1209
                    > USED AT LINE 1214
                    > USED AT LINE 1229
                    > USED AT LINE 1251
                    > USED AT LINE 1333
                    > USED AT LINE 1907
                    > USED AT LINE 1935
                    > USED AT LINE 2010
                    > USED AT LINE 2434
                    > USED AT LINE 2440
                    > USED AT LINE 2479
                    > USED AT LINE 2688
                    > USED AT LINE 2703
                    > USED AT LINE 2740
                    > USED AT LINE 2891
                    > USED AT LINE 2897
                    > USED AT LINE 2998
                    > USED AT LINE 3247
                    > USED AT LINE 3281
                    > USED AT LINE 3287
                    > USED AT LINE 3383
                    > USED AT LINE 3501
NPGS:               3D5C DEFINED AT LINE 4017
                    > USED AT LINE 1310
                    > USED AT LINE 3593
PGTOP:              3D5D DEFINED AT LINE 4018
                    > USED AT LINE 1023
                    > USED AT LINE 3550
                    > USED AT LINE 3555
PGBOT:              3D5E DEFINED AT LINE 4019
                    > USED AT LINE 1158
                    > USED AT LINE 1312
                    > USED AT LINE 3444
                    > USED AT LINE 3531
                    > USED AT LINE 3582
                    > USED AT LINE 3605
CSTEMP:             3D5F DEFINED AT LINE 4021
                    > USED AT LINE 3625
                    > USED AT LINE 3745
                    > USED AT LINE 3770
                    > USED AT LINE 3775
CSPERM:             3D60 DEFINED AT LINE 4022
                    > USED AT LINE 677
                    > USED AT LINE 727
                    > USED AT LINE 3622
                    > USED AT LINE 3692
                    > USED AT LINE 3729
                    > USED AT LINE 3760
                    > USED AT LINE 3772
                    > USED AT LINE 3821
                    > USED AT LINE 3845
STBYTF:             3D61 DEFINED AT LINE 4023
                    > USED AT LINE 679
                    > USED AT LINE 729
                    > USED AT LINE 3623
                    > USED AT LINE 3694
                    > USED AT LINE 3731
                    > USED AT LINE 3781
                    > USED AT LINE 3787
                    > USED AT LINE 3799
                    > USED AT LINE 3809
                    > USED AT LINE 3815
ZSTWRD:             3D62 DEFINED AT LINE 4024
                    > USED AT LINE 682
                    > USED AT LINE 724
                    > USED AT LINE 3697
                    > USED AT LINE 3726
                    > USED AT LINE 3789
                    > USED AT LINE 3800
                    > USED AT LINE 3810
ZSTBUO:             3D64 DEFINED AT LINE 4025
                    > USED AT LINE 2922
                    > USED AT LINE 2963
                    > USED AT LINE 2968
                    > USED AT LINE 2973
                    > USED AT LINE 2978
                    > USED AT LINE 3822
                    > USED AT LINE 3829
                    > USED AT LINE 3944
                    > USED AT LINE 3950
                    > USED AT LINE 3955
RTABP:              3D6A DEFINED AT LINE 4026
                    > USED AT LINE 2755
                    > USED AT LINE 2788
                    > USED AT LINE 2831
                    > USED AT LINE 2837
                    > USED AT LINE 2844
ADVENTURE_BANNER:   3D6C DEFINED AT LINE 4028
                    > USED AT LINE 1027
LMEMRY:             416C DEFINED AT LINE 4094
                    > USED AT LINE 1162
